id,source,reported_n,n,reported_k,k,rank_x,rank_z,reported_dx,reported_dz,sqetch_x_upper,sqetch_z_upper,verified_x_upper,verified_z_upper,best_x_upper,best_z_upper,best_x_support_verified,best_z_support_verified,reported_dx_comparison,reported_dz_comparison,row_min_x,row_median_x,row_max_x,row_min_z,row_median_z,row_max_z,column_min_x,column_median_x,column_max_x,column_min_z,column_median_z,column_max_z,css_ok,mx_ok,mz_ok,reviewer_z_valid,independent_structure_match,trials_requested_per_sector,seed,k_sub,elapsed_seconds,status,flags,duplicate_of,error
"example_2BGA16","explicit_example","16","16","2","2","7","7","4","4","4","4","4","4","4","4","true","true","MATCHED_UPPER_BOUND_NOT_EXACT","MATCHED_UPPER_BOUND_NOT_EXACT","8","8.0","8","8","8.0","8","2","4.0","6","2","4.0","6","true","true","true","","true","100000000","1665","64","5.428711891174316","COMPLETE_UPPER_BOUND_SEARCH","","",""
"example_2BGA56","explicit_example","56","56","28","28","14","14","0","0","2","2","4","4","2","2","false","false","NO_SECTOR_CLAIM","NO_SECTOR_CLAIM","8","8.0","8","8","8.0","8","2","4.0","6","2","4.0","6","true","true","true","","true","100000000","1668","64","29.070887088775635","COMPLETE_UPPER_BOUND_SEARCH","","",""
"example_AMC96","explicit_example","96","96","6","6","45","45","8","8","8","8","11","11","8","8","false","false","MATCHED_UPPER_BOUND_NOT_EXACT","MATCHED_UPPER_BOUND_NOT_EXACT","6","6.0","6","6","6.0","6","4","4.0","4","4","4.0","4","true","true","true","","true","100000000","1658","64","50.177387952804565","COMPLETE_UPPER_BOUND_SEARCH","","",""
"example_BB144","explicit_example","144","144","12","12","66","66","12","12","12","12","22","16","12","12","false","false","MATCHED_UPPER_BOUND_NOT_EXACT","MATCHED_UPPER_BOUND_NOT_EXACT","6","6.0","6","6","6.0","6","3","3.0","3","3","3.0","3","true","true","true","","true","100000000","1659","64","80.41588616371155","COMPLETE_UPPER_BOUND_SEARCH","","",""
"example_BB756","explicit_example","756","756","16","16","370","370","0","0","34","34","158","168","34","34","false","false","NO_SECTOR_CLAIM","NO_SECTOR_CLAIM","6","6.0","6","6","6.0","6","3","3.0","3","3","3.0","3","true","true","true","","true","100000000","1671","64","288.5114731788635","COMPLETE_UPPER_BOUND_SEARCH","","",""
"example_C2_450","explicit_example","450","450","32","32","209","209","8","8","8","8","8","8","8","8","true","true","MATCHED_UPPER_BOUND_NOT_EXACT","MATCHED_UPPER_BOUND_NOT_EXACT","6","6.0","6","6","6.0","6","3","3.0","3","3","3.0","3","true","true","true","","true","100000000","1666","64","205.46194100379944","COMPLETE_UPPER_BOUND_SEARCH","","",""
"example_CxR240","explicit_example","240","240","8","8","116","116","8","8","8","8","8","8","8","8","true","true","MATCHED_UPPER_BOUND_NOT_EXACT","MATCHED_UPPER_BOUND_NOT_EXACT","5","5.0","5","5","5.0","5","2","2.5","3","2","2.5","3","true","true","true","","true","100000000","1667","64","126.76591300964355","COMPLETE_UPPER_BOUND_SEARCH","","",""
"example_GB30","explicit_example","30","30","8","8","11","11","4","4","4","4","4","4","4","4","true","true","MATCHED_UPPER_BOUND_NOT_EXACT","MATCHED_UPPER_BOUND_NOT_EXACT","6","6.0","6","6","6.0","6","3","3.0","3","3","3.0","3","true","true","true","","true","100000000","1664","64","11.06852102279663","COMPLETE_UPPER_BOUND_SEARCH","","",""
"example_GB70","explicit_example","70","70","8","8","31","31","0","0","10","10","15","15","10","10","false","false","NO_SECTOR_CLAIM","NO_SECTOR_CLAIM","8","8.0","8","8","8.0","8","4","4.0","4","4","4.0","4","true","true","true","","true","100000000","1669","64","31.805985927581787","COMPLETE_UPPER_BOUND_SEARCH","","",""
"example_Haah1024","explicit_example","1024","1024","30","30","497","497","0","0","8","8","60","102","8","8","false","false","NO_SECTOR_CLAIM","NO_SECTOR_CLAIM","8","8.0","8","8","8.0","8","4","4.0","4","4","4.0","4","true","true","true","","true","100000000","1670","64","524.7227399349213","COMPLETE_UPPER_BOUND_SEARCH","REPORTED_LOWER_BOUND_CONFLICT","",""
"example_LaCross98","explicit_example","98","98","18","18","40","40","4","4","4","4","4","4","4","4","true","true","MATCHED_UPPER_BOUND_NOT_EXACT","MATCHED_UPPER_BOUND_NOT_EXACT","6","6.0","6","6","6.0","6","3","3.0","3","3","3.0","3","true","true","true","","true","100000000","1662","64","58.269315004348755","COMPLETE_UPPER_BOUND_SEARCH","","",""
"example_MB48","explicit_example","48","48","4","4","22","22","6","6","6","6","11","12","6","6","false","false","MATCHED_UPPER_BOUND_NOT_EXACT","MATCHED_UPPER_BOUND_NOT_EXACT","6","6.0","6","6","6.0","6","2","3.0","4","2","3.0","4","true","true","true","","true","100000000","1663","64","18.54265809059143","COMPLETE_UPPER_BOUND_SEARCH","","",""
"example_TT72","explicit_example","72","72","6","6","22","44","12","6","12","6","14","8","12","6","false","false","MATCHED_UPPER_BOUND_NOT_EXACT","MATCHED_UPPER_BOUND_NOT_EXACT","9","9.0","9","6","6.0","6","3","3.0","3","6","6.0","6","true","true","true","","true","100000000","1660","64","33.25758981704712","COMPLETE_UPPER_BOUND_SEARCH","","",""
"example_Toric96","explicit_example","96","96","6","6","45","45","4","4","4","4","4","4","4","4","true","true","MATCHED_UPPER_BOUND_NOT_EXACT","MATCHED_UPPER_BOUND_NOT_EXACT","6","6.0","6","6","6.0","6","4","4.0","4","4","4.0","4","true","true","true","","true","100000000","1661","64","51.34615921974182","COMPLETE_UPPER_BOUND_SEARCH","","",""
"table10_row001","table10","630","630","70","70","280","280","9","9","9","9","9","11","9","9","true","false","MATCHED_UPPER_BOUND_NOT_EXACT","MATCHED_UPPER_BOUND_NOT_EXACT","10","10.0","10","10","10.0","10","8","8.0","8","8","8.0","8","true","true","true","","true","100000000","1632","64","267.91539788246155","COMPLETE_UPPER_BOUND_SEARCH","","",""
"table10_row002","table10","700","700","70","70","315","315","8","8","8","8","10","11","8","8","false","false","MATCHED_UPPER_BOUND_NOT_EXACT","MATCHED_UPPER_BOUND_NOT_EXACT","10","10.0","10","10","10.0","10","8","8.0","8","8","8.0","8","true","true","true","","true","100000000","1633","64","286.46111607551575","COMPLETE_UPPER_BOUND_SEARCH","","",""
"table10_row003","table10","770","770","70","70","350","350","9","9","9","9","11","13","9","9","false","false","MATCHED_UPPER_BOUND_NOT_EXACT","MATCHED_UPPER_BOUND_NOT_EXACT","10","10.0","10","10","10.0","10","8","8.0","8","8","8.0","8","true","true","true","","true","100000000","1634","64","347.42759799957275","COMPLETE_UPPER_BOUND_SEARCH","","",""
"table10_row004","table10","840","840","70","70","385","385","10","10","10","10","11","11","10","10","false","false","MATCHED_UPPER_BOUND_NOT_EXACT","MATCHED_UPPER_BOUND_NOT_EXACT","10","10.0","10","10","10.0","10","8","8.0","8","8","8.0","8","true","true","true","","true","100000000","1635","64","420.46017718315125","COMPLETE_UPPER_BOUND_SEARCH","","",""
"table10_row005","table10","910","910","70","70","420","420","11","11","11","11","13","15","11","11","false","false","MATCHED_UPPER_BOUND_NOT_EXACT","MATCHED_UPPER_BOUND_NOT_EXACT","10","10.0","10","10","10.0","10","8","8.0","8","8","8.0","8","true","true","true","","true","100000000","1636","64","447.32215094566345","COMPLETE_UPPER_BOUND_SEARCH","","",""
"table10_row006","table10","980","980","70","70","455","455","10","10","10","10","14","15","10","10","false","false","MATCHED_UPPER_BOUND_NOT_EXACT","MATCHED_UPPER_BOUND_NOT_EXACT","10","10.0","10","10","10.0","10","8","8.0","8","8","8.0","8","true","true","true","","true","100000000","1637","64","554.9452290534973","COMPLETE_UPPER_BOUND_SEARCH","","",""
"table10_row007","table10","1050","1050","70","70","490","490","11","11","11","11","13","13","11","11","false","false","MATCHED_UPPER_BOUND_NOT_EXACT","MATCHED_UPPER_BOUND_NOT_EXACT","10","10.0","10","10","10.0","10","8","8.0","8","8","8.0","8","true","true","true","","true","100000000","1638","64","588.9708049297333","COMPLETE_UPPER_BOUND_SEARCH","","",""
"table10_row008","table10","1120","1120","70","70","525","525","11","11","11","11","11","11","11","11","true","true","MATCHED_UPPER_BOUND_NOT_EXACT","MATCHED_UPPER_BOUND_NOT_EXACT","10","10.0","10","10","10.0","10","8","8.0","8","8","8.0","8","true","true","true","","true","100000000","1639","64","628.4923479557037","COMPLETE_UPPER_BOUND_SEARCH","","",""
"table10_row009","table10","1190","1190","70","70","560","560","13","13","13","13","14","14","13","13","false","false","MATCHED_UPPER_BOUND_NOT_EXACT","MATCHED_UPPER_BOUND_NOT_EXACT","10","10.0","10","10","10.0","10","8","8.0","8","8","8.0","8","true","true","true","","true","100000000","1640","64","628.0419089794159","COMPLETE_UPPER_BOUND_SEARCH","","",""
"table10_row010","table10","1260","1260","70","70","595","595","12","12","13","14","18","28","13","14","false","false","SEARCH_DID_NOT_REPRODUCE_CLAIM","SEARCH_DID_NOT_REPRODUCE_CLAIM","10","10.0","10","10","10.0","10","8","8.0","8","8","8.0","8","true","true","true","","true","100000000","1641","64","762.8504202365875","COMPLETE_UPPER_BOUND_SEARCH","","",""
"table10_row011","table10","1330","1330","70","70","630","630","13","13","13","13","19","17","13","13","false","false","MATCHED_UPPER_BOUND_NOT_EXACT","MATCHED_UPPER_BOUND_NOT_EXACT","10","10.0","10","10","10.0","10","8","8.0","8","8","8.0","8","true","true","true","","true","100000000","1642","64","840.1663739681244","COMPLETE_UPPER_BOUND_SEARCH","","",""
"table10_row012","table10","1400","1400","70","70","665","665","10","10","10","10","20","19","10","10","false","false","MATCHED_UPPER_BOUND_NOT_EXACT","MATCHED_UPPER_BOUND_NOT_EXACT","10","10.0","10","10","10.0","10","8","8.0","8","8","8.0","8","true","true","true","","true","100000000","1643","64","870.8131580352783","COMPLETE_UPPER_BOUND_SEARCH","","",""
"table10_row013","table10","1470","1470","70","70","700","700","13","13","13","14","21","21","13","14","false","false","MATCHED_UPPER_BOUND_NOT_EXACT","SEARCH_DID_NOT_REPRODUCE_CLAIM","10","10.0","10","10","10.0","10","8","8.0","8","8","8.0","8","true","true","true","","true","100000000","1644","64","882.7324450016022","COMPLETE_UPPER_BOUND_SEARCH","","",""
"table10_row014","table10","1540","1540","70","70","735","735","12","12","13","12","22","32","13","12","false","false","SEARCH_DID_NOT_REPRODUCE_CLAIM","MATCHED_UPPER_BOUND_NOT_EXACT","10","10.0","10","10","10.0","10","8","8.0","8","8","8.0","8","true","true","true","","true","100000000","1645","64","1124.6078181266785","COMPLETE_UPPER_BOUND_SEARCH","","",""
"table10_row015","table10","1610","1610","70","70","770","770","16","16","16","16","23","22","16","16","false","false","MATCHED_UPPER_BOUND_NOT_EXACT","MATCHED_UPPER_BOUND_NOT_EXACT","10","10.0","10","10","10.0","10","8","8.0","8","8","8.0","8","true","true","true","","true","100000000","1646","64","1307.9244191646576","COMPLETE_UPPER_BOUND_SEARCH","","",""
"table10_row016","table10","1680","1680","70","70","805","805","15","15","15","15","23","40","15","15","false","false","MATCHED_UPPER_BOUND_NOT_EXACT","MATCHED_UPPER_BOUND_NOT_EXACT","10","10.0","10","10","10.0","10","8","8.0","8","8","8.0","8","true","true","true","","true","100000000","1647","64","1223.6233060359955","COMPLETE_UPPER_BOUND_SEARCH","","",""
"table10_row017","table10","1750","1750","70","70","840","840","17","17","19","17","25","21","19","17","false","false","SEARCH_DID_NOT_REPRODUCE_CLAIM","MATCHED_UPPER_BOUND_NOT_EXACT","10","10.0","10","10","10.0","10","8","8.0","8","8","8.0","8","true","true","true","","true","100000000","1648","64","1293.937833070755","COMPLETE_UPPER_BOUND_SEARCH","","",""
"table10_row018","table10","1820","1820","70","70","875","875","13","13","15","13","13","29","13","13","true","false","MATCHED_UPPER_BOUND_NOT_EXACT","MATCHED_UPPER_BOUND_NOT_EXACT","10","10.0","10","10","10.0","10","8","8.0","8","8","8.0","8","true","true","true","","true","100000000","1649","64","1386.608773946762","COMPLETE_UPPER_BOUND_SEARCH","","",""
"table10_row019","table10","1890","1890","70","70","910","910","15","15","15","15","21","37","15","15","false","false","MATCHED_UPPER_BOUND_NOT_EXACT","MATCHED_UPPER_BOUND_NOT_EXACT","10","10.0","10","10","10.0","10","8","8.0","8","8","8.0","8","true","true","true","","true","100000000","1650","64","1389.256483078003","COMPLETE_UPPER_BOUND_SEARCH","","",""
"table10_row020","table10","1960","1960","70","70","945","945","14","14","16","14","14","48","14","14","true","false","MATCHED_UPPER_BOUND_NOT_EXACT","MATCHED_UPPER_BOUND_NOT_EXACT","10","10.0","10","10","10.0","10","8","8.0","8","8","8.0","8","true","true","true","","true","100000000","1651","64","1667.944983959198","COMPLETE_UPPER_BOUND_SEARCH","","",""
"table10_row021","table10","2030","2030","70","70","980","980","18","18","18","18","29","36","18","18","false","false","MATCHED_UPPER_BOUND_NOT_EXACT","MATCHED_UPPER_BOUND_NOT_EXACT","10","10.0","10","10","10.0","10","8","8.0","8","8","8.0","8","true","true","true","","true","100000000","1652","64","1589.2878301143646","COMPLETE_UPPER_BOUND_SEARCH","","",""
"table11_row001","table11","1260","1260","126","126","504","630","10","5","10","5","10","11","10","5","true","false","MATCHED_UPPER_BOUND_NOT_EXACT","MATCHED_UPPER_BOUND_NOT_EXACT","12","12.0","12","10","10.0","10","8","8.0","8","10","10.0","10","true","true","true","","true","100000000","1653","64","896.7643160820007","COMPLETE_UPPER_BOUND_SEARCH","","",""
"table11_row002","table11","1386","1386","126","126","560","700","11","9","11","9","11","15","11","9","true","false","MATCHED_UPPER_BOUND_NOT_EXACT","MATCHED_UPPER_BOUND_NOT_EXACT","12","12.0","12","10","10.0","10","8","8.0","8","10","10.0","10","true","true","true","","true","100000000","1654","64","975.2660000324249","COMPLETE_UPPER_BOUND_SEARCH","","",""
"table11_row003","table11","1512","1512","126","126","616","770","12","9","12","9","12","12","12","9","true","false","MATCHED_UPPER_BOUND_NOT_EXACT","MATCHED_UPPER_BOUND_NOT_EXACT","12","12.0","12","10","10.0","10","8","8.0","8","10","10.0","10","true","true","true","","true","100000000","1655","64","1068.6447389125824","COMPLETE_UPPER_BOUND_SEARCH","","",""
"table11_row004","table11","1638","1638","126","126","672","840","13","10","13","10","13","11","13","10","true","false","MATCHED_UPPER_BOUND_NOT_EXACT","MATCHED_UPPER_BOUND_NOT_EXACT","12","12.0","12","10","10.0","10","8","8.0","8","10","10.0","10","true","true","true","","true","100000000","1656","64","1451.229798078537","COMPLETE_UPPER_BOUND_SEARCH","","",""
"table11_row005","table11","1764","1764","126","126","728","910","14","10","14","10","14","11","14","10","true","false","MATCHED_UPPER_BOUND_NOT_EXACT","MATCHED_UPPER_BOUND_NOT_EXACT","12","12.0","12","10","10.0","10","8","8.0","8","10","10.0","10","true","true","true","","true","100000000","1657","64","1608.9432060718536","COMPLETE_UPPER_BOUND_SEARCH","","",""
"table2_row001","table2","96","96","12","12","42","42","4","4","4","4","4","8","4","4","true","false","MATCHED_UPPER_BOUND_NOT_EXACT","MATCHED_UPPER_BOUND_NOT_EXACT","6","6.0","6","6","6.0","6","4","4.0","4","4","4.0","4","true","true","true","","true","100000000","1235","64","52.88940095901489","COMPLETE_UPPER_BOUND_SEARCH","","",""
"table2_row002","table2","144","144","6","6","69","69","8","8","8","8","12","26","8","8","false","false","MATCHED_UPPER_BOUND_NOT_EXACT","MATCHED_UPPER_BOUND_NOT_EXACT","6","6.0","6","6","6.0","6","4","4.0","4","4","4.0","4","true","true","true","","true","100000000","1236","64","81.57348585128784","COMPLETE_UPPER_BOUND_SEARCH","","",""
"table2_row003","table2","192","192","6","6","93","93","8","8","6","6","24","30","6","6","false","false","SMALLER_UPPER_BOUND_FOUND","SMALLER_UPPER_BOUND_FOUND","6","6.0","6","6","6.0","6","4","4.0","4","4","4.0","4","true","true","true","","true","100000000","1237","64","100.58007621765137","COMPLETE_UPPER_BOUND_SEARCH","REPORTED_DX_TOO_HIGH;REPORTED_DZ_TOO_HIGH","",""
"table2_row004","table2","216","216","6","6","105","105","12","12","12","12","12","21","12","12","true","false","MATCHED_UPPER_BOUND_NOT_EXACT","MATCHED_UPPER_BOUND_NOT_EXACT","6","6.0","6","6","6.0","6","4","4.0","4","4","4.0","4","true","true","true","","true","100000000","1238","64","114.16135311126709","COMPLETE_UPPER_BOUND_SEARCH","","",""
"table2_row005","table2","240","240","12","12","114","114","7","7","7","7","8","13","7","7","false","false","MATCHED_UPPER_BOUND_NOT_EXACT","MATCHED_UPPER_BOUND_NOT_EXACT","6","6.0","6","6","6.0","6","4","4.0","4","4","4.0","4","true","true","true","","true","100000000","1239","64","124.33210611343384","COMPLETE_UPPER_BOUND_SEARCH","","",""
"table2_row006","table2","240","240","6","6","117","117","12","12","12","12","12","18","12","12","true","false","MATCHED_UPPER_BOUND_NOT_EXACT","MATCHED_UPPER_BOUND_NOT_EXACT","6","6.0","6","6","6.0","6","4","4.0","4","4","4.0","4","true","true","true","","true","100000000","1240","64","121.7037889957428","COMPLETE_UPPER_BOUND_SEARCH","","",""
"table2_row007","table2","288","288","6","6","141","141","12","12","12","12","12","48","12","12","true","false","MATCHED_UPPER_BOUND_NOT_EXACT","MATCHED_UPPER_BOUND_NOT_EXACT","6","6.0","6","6","6.0","6","4","4.0","4","4","4.0","4","true","true","true","","true","100000000","1241","64","138.17593002319336","COMPLETE_UPPER_BOUND_SEARCH","","",""
"table2_row008","table2","288","288","12","12","138","138","8","8","8","8","12","14","8","8","false","false","MATCHED_UPPER_BOUND_NOT_EXACT","MATCHED_UPPER_BOUND_NOT_EXACT","6","6.0","6","6","6.0","6","4","4.0","4","4","4.0","4","true","true","true","","true","100000000","1242","64","139.98642897605896","COMPLETE_UPPER_BOUND_SEARCH","","",""
"table2_row009","table2","324","324","6","6","159","159","12","12","12","12","51","30","12","12","false","false","MATCHED_UPPER_BOUND_NOT_EXACT","MATCHED_UPPER_BOUND_NOT_EXACT","6","6.0","6","6","6.0","6","4","4.0","4","4","4.0","4","true","true","true","","true","100000000","1243","64","152.87396001815796","COMPLETE_UPPER_BOUND_SEARCH","","",""
"table2_row010","table2","336","336","6","6","165","165","12","12","12","12","24","34","12","12","false","false","MATCHED_UPPER_BOUND_NOT_EXACT","MATCHED_UPPER_BOUND_NOT_EXACT","6","6.0","6","6","6.0","6","4","4.0","4","4","4.0","4","true","true","true","","true","100000000","1244","64","155.47812294960022","COMPLETE_UPPER_BOUND_SEARCH","","",""
"table2_row011","table2","360","360","6","6","177","177","12","12","12","12","24","24","12","12","false","false","MATCHED_UPPER_BOUND_NOT_EXACT","MATCHED_UPPER_BOUND_NOT_EXACT","6","6.0","6","6","6.0","6","4","4.0","4","4","4.0","4","true","true","true","","true","100000000","1245","64","163.55503487586975","COMPLETE_UPPER_BOUND_SEARCH","","",""
"table2_row012","table2","360","360","12","12","174","174","11","11","11","11","12","12","11","11","false","false","MATCHED_UPPER_BOUND_NOT_EXACT","MATCHED_UPPER_BOUND_NOT_EXACT","6","6.0","6","6","6.0","6","4","4.0","4","4","4.0","4","true","true","true","","true","100000000","1246","64","164.70561003684998","COMPLETE_UPPER_BOUND_SEARCH","","",""
"table2_row013","table2","384","384","6","6","189","189","12","12","6","6","16","20","6","6","false","false","SMALLER_UPPER_BOUND_FOUND","SMALLER_UPPER_BOUND_FOUND","6","6.0","6","6","6.0","6","4","4.0","4","4","4.0","4","true","true","true","","true","100000000","1247","64","169.59533977508545","COMPLETE_UPPER_BOUND_SEARCH","REPORTED_DX_TOO_HIGH;REPORTED_DZ_TOO_HIGH","",""
"table2_row014","table2","384","384","12","12","186","186","8","8","6","6","16","12","6","6","false","false","SMALLER_UPPER_BOUND_FOUND","SMALLER_UPPER_BOUND_FOUND","6","6.0","6","6","6.0","6","4","4.0","4","4","4.0","4","true","true","true","","true","100000000","1248","64","171.05194783210754","COMPLETE_UPPER_BOUND_SEARCH","REPORTED_DX_TOO_HIGH;REPORTED_DZ_TOO_HIGH","",""
"table2_row015","table2","432","432","12","12","210","210","12","12","12","12","30","22","12","12","false","false","MATCHED_UPPER_BOUND_NOT_EXACT","MATCHED_UPPER_BOUND_NOT_EXACT","6","6.0","6","6","6.0","6","4","4.0","4","4","4.0","4","true","true","true","","true","100000000","1249","64","185.33627104759216","COMPLETE_UPPER_BOUND_SEARCH","","",""
"table2_row016","table2","432","432","6","6","213","213","18","19","18","18","42","42","18","18","false","false","MATCHED_UPPER_BOUND_NOT_EXACT","SMALLER_UPPER_BOUND_FOUND","6","6.0","6","6","6.0","6","4","4.0","4","4","4.0","4","true","true","true","","true","100000000","1250","64","180.99565982818604","COMPLETE_UPPER_BOUND_SEARCH","REPORTED_DZ_TOO_HIGH","",""
"table2_row017","table2","480","480","6","6","237","237","16","16","16","16","20","22","16","16","false","false","MATCHED_UPPER_BOUND_NOT_EXACT","MATCHED_UPPER_BOUND_NOT_EXACT","6","6.0","6","6","6.0","6","4","4.0","4","4","4.0","4","true","true","true","","true","100000000","1251","64","203.27968907356262","COMPLETE_UPPER_BOUND_SEARCH","","",""
"table2_row018","table2","480","480","12","12","234","234","12","12","12","12","12","14","12","12","true","false","MATCHED_UPPER_BOUND_NOT_EXACT","MATCHED_UPPER_BOUND_NOT_EXACT","6","6.0","6","6","6.0","6","4","4.0","4","4","4.0","4","true","true","true","","true","100000000","1252","64","207.58001399040222","COMPLETE_UPPER_BOUND_SEARCH","","",""
"table2_row019","table2","480","480","24","24","228","228","8","8","8","8","11","11","8","8","false","false","MATCHED_UPPER_BOUND_NOT_EXACT","MATCHED_UPPER_BOUND_NOT_EXACT","6","6.0","6","6","6.0","6","4","4.0","4","4","4.0","4","true","true","true","","true","100000000","1253","64","212.3597981929779","COMPLETE_UPPER_BOUND_SEARCH","","",""
"table2_row020","table2","504","504","6","6","249","249","17","17","17","17","22","47","17","17","false","false","MATCHED_UPPER_BOUND_NOT_EXACT","MATCHED_UPPER_BOUND_NOT_EXACT","6","6.0","6","6","6.0","6","4","4.0","4","4","4.0","4","true","true","true","","true","100000000","1254","64","208.50437593460083","COMPLETE_UPPER_BOUND_SEARCH","","",""
"table2_row021","table2","504","504","12","12","246","246","10","10","10","10","17","17","10","10","false","false","MATCHED_UPPER_BOUND_NOT_EXACT","MATCHED_UPPER_BOUND_NOT_EXACT","6","6.0","6","6","6.0","6","4","4.0","4","4","4.0","4","true","true","true","","true","100000000","1255","64","209.97173714637756","COMPLETE_UPPER_BOUND_SEARCH","","",""
"table2_row022","table2","528","528","6","6","261","261","16","16","16","16","44","46","16","16","false","false","MATCHED_UPPER_BOUND_NOT_EXACT","MATCHED_UPPER_BOUND_NOT_EXACT","6","6.0","6","6","6.0","6","4","4.0","4","4","4.0","4","true","true","true","","true","100000000","1256","64","209.81561398506165","COMPLETE_UPPER_BOUND_SEARCH","","",""
"table2_row023","table2","528","528","12","12","258","258","12","12","12","12","22","27","12","12","false","false","MATCHED_UPPER_BOUND_NOT_EXACT","MATCHED_UPPER_BOUND_NOT_EXACT","6","6.0","6","6","6.0","6","4","4.0","4","4","4.0","4","true","true","true","","true","100000000","1257","64","212.45521998405457","COMPLETE_UPPER_BOUND_SEARCH","","",""
"table2_row024","table2","540","540","6","6","267","267","18","18","18","18","36","45","18","18","false","false","MATCHED_UPPER_BOUND_NOT_EXACT","MATCHED_UPPER_BOUND_NOT_EXACT","6","6.0","6","6","6.0","6","4","4.0","4","4","4.0","4","true","true","true","","true","100000000","1258","64","213.2442979812622","COMPLETE_UPPER_BOUND_SEARCH","","",""
"table2_row025","table2","540","540","18","18","261","261","7","7","7","7","11","13","7","7","false","false","MATCHED_UPPER_BOUND_NOT_EXACT","MATCHED_UPPER_BOUND_NOT_EXACT","6","6.0","6","6","6.0","6","4","4.0","4","4","4.0","4","true","true","true","","true","100000000","1259","64","221.62542605400085","COMPLETE_UPPER_BOUND_SEARCH","","",""
"table2_row026","table2","576","576","12","12","282","282","12","12","6","6","16","18","6","6","false","false","SMALLER_UPPER_BOUND_FOUND","SMALLER_UPPER_BOUND_FOUND","6","6.0","6","6","6.0","6","4","4.0","4","4","4.0","4","true","true","true","","true","100000000","1260","64","225.2587230205536","COMPLETE_UPPER_BOUND_SEARCH","REPORTED_DX_TOO_HIGH;REPORTED_DZ_TOO_HIGH","",""
"table2_row027","table2","576","576","6","6","285","285","16","16","6","6","48","20","6","6","false","false","SMALLER_UPPER_BOUND_FOUND","SMALLER_UPPER_BOUND_FOUND","6","6.0","6","6","6.0","6","4","4.0","4","4","4.0","4","true","true","true","","true","100000000","1261","64","228.7926468849182","COMPLETE_UPPER_BOUND_SEARCH","REPORTED_DX_TOO_HIGH;REPORTED_DZ_TOO_HIGH","",""
"table2_row028","table2","576","576","18","18","279","279","8","8","6","6","12","10","6","6","false","false","SMALLER_UPPER_BOUND_FOUND","SMALLER_UPPER_BOUND_FOUND","6","6.0","6","6","6.0","6","4","4.0","4","4","4.0","4","true","true","true","","true","100000000","1262","64","228.04572892189026","COMPLETE_UPPER_BOUND_SEARCH","REPORTED_DX_TOO_HIGH;REPORTED_DZ_TOO_HIGH","",""
"table2_row029","table2","600","600","6","6","297","297","17","17","17","17","20","39","17","17","false","false","MATCHED_UPPER_BOUND_NOT_EXACT","MATCHED_UPPER_BOUND_NOT_EXACT","6","6.0","6","6","6.0","6","4","4.0","4","4","4.0","4","true","true","true","","true","100000000","1263","64","234.1162919998169","COMPLETE_UPPER_BOUND_SEARCH","","",""
"table2_row030","table2","600","600","24","24","288","288","9","9","9","9","10","16","9","9","false","false","MATCHED_UPPER_BOUND_NOT_EXACT","MATCHED_UPPER_BOUND_NOT_EXACT","6","6.0","6","6","6.0","6","4","4.0","4","4","4.0","4","true","true","true","","true","100000000","1264","64","258.513386964798","COMPLETE_UPPER_BOUND_SEARCH","","",""
"table2_row031","table2","600","600","12","12","294","294","10","10","10","10","10","20","10","10","true","false","MATCHED_UPPER_BOUND_NOT_EXACT","MATCHED_UPPER_BOUND_NOT_EXACT","6","6.0","6","6","6.0","6","4","4.0","4","4","4.0","4","true","true","true","","true","100000000","1265","64","238.60199904441833","COMPLETE_UPPER_BOUND_SEARCH","","",""
"table2_row032","table2","624","624","6","6","309","309","18","18","18","18","44","56","18","18","false","false","MATCHED_UPPER_BOUND_NOT_EXACT","MATCHED_UPPER_BOUND_NOT_EXACT","6","6.0","6","6","6.0","6","4","4.0","4","4","4.0","4","true","true","true","","true","100000000","1266","64","237.10285806655884","COMPLETE_UPPER_BOUND_SEARCH","","",""
"table2_row033","table2","624","624","12","12","306","306","14","14","14","14","26","44","14","14","false","false","MATCHED_UPPER_BOUND_NOT_EXACT","MATCHED_UPPER_BOUND_NOT_EXACT","6","6.0","6","6","6.0","6","4","4.0","4","4","4.0","4","true","true","true","","true","100000000","1267","64","238.9813210964203","COMPLETE_UPPER_BOUND_SEARCH","","",""
"table2_row034","table2","648","648","6","6","321","321","21","21","18","18","71","70","18","18","false","false","SMALLER_UPPER_BOUND_FOUND","SMALLER_UPPER_BOUND_FOUND","6","6.0","6","6","6.0","6","4","4.0","4","4","4.0","4","true","true","true","","true","100000000","1268","64","243.66615200042725","COMPLETE_UPPER_BOUND_SEARCH","REPORTED_DX_TOO_HIGH;REPORTED_DZ_TOO_HIGH","",""
"table2_row035","table2","648","648","12","12","318","318","12","12","12","12","18","32","12","12","false","false","MATCHED_UPPER_BOUND_NOT_EXACT","MATCHED_UPPER_BOUND_NOT_EXACT","6","6.0","6","6","6.0","6","4","4.0","4","4","4.0","4","true","true","true","","true","100000000","1269","64","249.10329484939575","COMPLETE_UPPER_BOUND_SEARCH","","",""
"table2_row036","table2","672","672","6","6","333","333","18","18","18","20","56","98","18","20","false","false","MATCHED_UPPER_BOUND_NOT_EXACT","SEARCH_DID_NOT_REPRODUCE_CLAIM","6","6.0","6","6","6.0","6","4","4.0","4","4","4.0","4","true","true","true","","true","100000000","1270","64","248.4087221622467","COMPLETE_UPPER_BOUND_SEARCH","","",""
"table2_row037","table2","672","672","12","12","330","330","12","12","12","12","16","18","12","12","false","false","MATCHED_UPPER_BOUND_NOT_EXACT","MATCHED_UPPER_BOUND_NOT_EXACT","6","6.0","6","6","6.0","6","4","4.0","4","4","4.0","4","true","true","true","","true","100000000","1271","64","252.7663609981537","COMPLETE_UPPER_BOUND_SEARCH","","",""
"table2_row038","table2","672","672","24","24","324","324","11","11","11","11","11","11","11","11","true","true","MATCHED_UPPER_BOUND_NOT_EXACT","MATCHED_UPPER_BOUND_NOT_EXACT","6","6.0","6","6","6.0","6","4","4.0","4","4","4.0","4","true","true","true","","true","100000000","1272","64","263.4311900138855","COMPLETE_UPPER_BOUND_SEARCH","","",""
"table2_row039","table2","720","720","6","6","357","357","22","22","20","20","30","42","20","20","false","false","SMALLER_UPPER_BOUND_FOUND","SMALLER_UPPER_BOUND_FOUND","6","6.0","6","6","6.0","6","4","4.0","4","4","4.0","4","true","true","true","","true","100000000","1273","64","297.3774302005768","COMPLETE_UPPER_BOUND_SEARCH","REPORTED_DX_TOO_HIGH;REPORTED_DZ_TOO_HIGH","",""
"table2_row040","table2","720","720","12","12","354","354","13","13","13","13","55","53","13","13","false","false","MATCHED_UPPER_BOUND_NOT_EXACT","MATCHED_UPPER_BOUND_NOT_EXACT","6","6.0","6","6","6.0","6","4","4.0","4","4","4.0","4","true","true","true","","true","100000000","1274","64","299.67157196998596","COMPLETE_UPPER_BOUND_SEARCH","","",""
"table2_row041","table2","720","720","12","12","354","354","15","15","15","15","30","45","15","15","false","false","MATCHED_UPPER_BOUND_NOT_EXACT","MATCHED_UPPER_BOUND_NOT_EXACT","6","6.0","6","6","6.0","6","4","4.0","4","4","4.0","4","true","true","true","","true","100000000","1275","64","300.17001819610596","COMPLETE_UPPER_BOUND_SEARCH","","",""
"table2_row042","table2","756","756","6","6","375","375","18","18","18","18","21","43","18","18","false","false","MATCHED_UPPER_BOUND_NOT_EXACT","MATCHED_UPPER_BOUND_NOT_EXACT","6","6.0","6","6","6.0","6","4","4.0","4","4","4.0","4","true","true","true","","true","100000000","1276","64","309.5326030254364","COMPLETE_UPPER_BOUND_SEARCH","","",""
"table2_row043","table2","756","756","18","18","369","369","13","13","13","13","29","16","13","13","false","false","MATCHED_UPPER_BOUND_NOT_EXACT","MATCHED_UPPER_BOUND_NOT_EXACT","6","6.0","6","6","6.0","6","4","4.0","4","4","4.0","4","true","true","true","","true","100000000","1277","64","315.9369161128998","COMPLETE_UPPER_BOUND_SEARCH","","",""
"table2_row044","table2","768","768","12","12","378","378","14","14","6","6","24","34","6","6","false","false","SMALLER_UPPER_BOUND_FOUND","SMALLER_UPPER_BOUND_FOUND","6","6.0","6","6","6.0","6","4","4.0","4","4","4.0","4","true","true","true","","true","100000000","1278","64","314.3242700099945","COMPLETE_UPPER_BOUND_SEARCH","REPORTED_DX_TOO_HIGH;REPORTED_DZ_TOO_HIGH","",""
"table2_row045","table2","768","768","6","6","381","381","16","16","6","6","16","16","6","6","false","false","SMALLER_UPPER_BOUND_FOUND","SMALLER_UPPER_BOUND_FOUND","6","6.0","6","6","6.0","6","4","4.0","4","4","4.0","4","true","true","true","","true","100000000","1279","64","313.4979350566864","COMPLETE_UPPER_BOUND_SEARCH","REPORTED_DX_TOO_HIGH;REPORTED_DZ_TOO_HIGH","",""
"table2_row046","table2","792","792","6","6","393","393","22","22","22","24","24","38","22","24","false","false","MATCHED_UPPER_BOUND_NOT_EXACT","SEARCH_DID_NOT_REPRODUCE_CLAIM","6","6.0","6","6","6.0","6","4","4.0","4","4","4.0","4","true","true","true","","true","100000000","1280","64","318.6851451396942","COMPLETE_UPPER_BOUND_SEARCH","","",""
"table2_row047","table2","792","792","12","12","390","390","14","14","14","14","18","20","14","14","false","false","MATCHED_UPPER_BOUND_NOT_EXACT","MATCHED_UPPER_BOUND_NOT_EXACT","6","6.0","6","6","6.0","6","4","4.0","4","4","4.0","4","true","true","true","","true","100000000","1281","64","326.01717591285706","COMPLETE_UPPER_BOUND_SEARCH","","",""
"table2_row048","table2","792","792","12","12","390","390","15","15","15","15","26","26","15","15","false","false","MATCHED_UPPER_BOUND_NOT_EXACT","MATCHED_UPPER_BOUND_NOT_EXACT","6","6.0","6","6","6.0","6","4","4.0","4","4","4.0","4","true","true","true","","true","100000000","1282","64","320.49198603630066","COMPLETE_UPPER_BOUND_SEARCH","","",""
"table2_row049","table2","810","810","18","18","396","396","12","12","12","12","15","37","12","12","false","false","MATCHED_UPPER_BOUND_NOT_EXACT","MATCHED_UPPER_BOUND_NOT_EXACT","6","6.0","6","6","6.0","6","4","4.0","4","4","4.0","4","true","true","true","","true","100000000","1283","64","339.92384600639343","COMPLETE_UPPER_BOUND_SEARCH","","",""
"table2_row050","table2","810","810","6","6","402","402","21","21","24","21","105","85","24","21","false","false","SEARCH_DID_NOT_REPRODUCE_CLAIM","MATCHED_UPPER_BOUND_NOT_EXACT","6","6.0","6","6","6.0","6","4","4.0","4","4","4.0","4","true","true","true","","true","100000000","1284","64","335.8966360092163","COMPLETE_UPPER_BOUND_SEARCH","","",""
"table2_row051","table2","816","816","6","6","405","405","20","20","22","20","34","36","22","20","false","false","SEARCH_DID_NOT_REPRODUCE_CLAIM","MATCHED_UPPER_BOUND_NOT_EXACT","6","6.0","6","6","6.0","6","4","4.0","4","4","4.0","4","true","true","true","","true","100000000","1285","64","324.9288909435272","COMPLETE_UPPER_BOUND_SEARCH","","",""
"table2_row052","table2","816","816","12","12","402","402","12","12","12","12","26","26","12","12","false","false","MATCHED_UPPER_BOUND_NOT_EXACT","MATCHED_UPPER_BOUND_NOT_EXACT","6","6.0","6","6","6.0","6","4","4.0","4","4","4.0","4","true","true","true","","true","100000000","1286","64","326.3527431488037","COMPLETE_UPPER_BOUND_SEARCH","","",""
"table2_row053","table2","816","816","24","24","396","396","10","10","10","10","13","13","10","10","false","false","MATCHED_UPPER_BOUND_NOT_EXACT","MATCHED_UPPER_BOUND_NOT_EXACT","6","6.0","6","6","6.0","6","4","4.0","4","4","4.0","4","true","true","true","","true","100000000","1287","64","338.6054730415344","COMPLETE_UPPER_BOUND_SEARCH","","",""
"table2_row054","table2","840","840","6","6","417","417","22","22","22","20","70","68","22","20","false","false","MATCHED_UPPER_BOUND_NOT_EXACT","SMALLER_UPPER_BOUND_FOUND","6","6.0","6","6","6.0","6","4","4.0","4","4","4.0","4","true","true","true","","true","100000000","1288","64","382.87077498435974","COMPLETE_UPPER_BOUND_SEARCH","REPORTED_DZ_TOO_HIGH","",""
"table2_row055","table2","840","840","24","24","408","408","10","10","10","10","26","26","10","10","false","false","MATCHED_UPPER_BOUND_NOT_EXACT","MATCHED_UPPER_BOUND_NOT_EXACT","6","6.0","6","6","6.0","6","4","4.0","4","4","4.0","4","true","true","true","","true","100000000","1289","64","426.4051659107208","COMPLETE_UPPER_BOUND_SEARCH","","",""
"table2_row056","table2","840","840","12","12","414","414","14","14","14","14","20","20","14","14","false","false","MATCHED_UPPER_BOUND_NOT_EXACT","MATCHED_UPPER_BOUND_NOT_EXACT","6","6.0","6","6","6.0","6","4","4.0","4","4","4.0","4","true","true","true","","true","100000000","1290","64","388.20449590682983","COMPLETE_UPPER_BOUND_SEARCH","","",""
"table2_row057","table2","864","864","6","6","429","429","28","28","24","24","36","52","24","24","false","false","SMALLER_UPPER_BOUND_FOUND","SMALLER_UPPER_BOUND_FOUND","6","6.0","6","6","6.0","6","4","4.0","4","4","4.0","4","true","true","true","","true","100000000","1291","64","400.21002411842346","COMPLETE_UPPER_BOUND_SEARCH","REPORTED_DX_TOO_HIGH;REPORTED_DZ_TOO_HIGH","",""
"table2_row058","table2","864","864","12","12","426","426","14","14","14","14","18","26","14","14","false","false","MATCHED_UPPER_BOUND_NOT_EXACT","MATCHED_UPPER_BOUND_NOT_EXACT","6","6.0","6","6","6.0","6","4","4.0","4","4","4.0","4","true","true","true","","true","100000000","1292","64","396.68371295928955","COMPLETE_UPPER_BOUND_SEARCH","","",""
"table2_row059","table2","864","864","18","18","423","423","12","12","12","12","12","24","12","12","true","false","MATCHED_UPPER_BOUND_NOT_EXACT","MATCHED_UPPER_BOUND_NOT_EXACT","6","6.0","6","6","6.0","6","4","4.0","4","4","4.0","4","true","true","true","","true","100000000","1293","64","402.7613151073456","COMPLETE_UPPER_BOUND_SEARCH","","",""
"table2_row060","table2","864","864","24","24","420","420","10","10","10","10","16","24","10","10","false","false","MATCHED_UPPER_BOUND_NOT_EXACT","MATCHED_UPPER_BOUND_NOT_EXACT","6","6.0","6","6","6.0","6","4","4.0","4","4","4.0","4","true","true","true","","true","100000000","1294","64","418.62251114845276","COMPLETE_UPPER_BOUND_SEARCH","","",""
"table2_row061","table2","900","900","6","6","447","447","24","24","24","24","30","30","24","24","false","false","MATCHED_UPPER_BOUND_NOT_EXACT","MATCHED_UPPER_BOUND_NOT_EXACT","6","6.0","6","6","6.0","6","4","4.0","4","4","4.0","4","true","true","true","","true","100000000","1295","64","428.69781708717346","COMPLETE_UPPER_BOUND_SEARCH","","",""
"table2_row062","table2","900","900","12","12","444","444","11","11","11","11","15","23","11","11","false","false","MATCHED_UPPER_BOUND_NOT_EXACT","MATCHED_UPPER_BOUND_NOT_EXACT","6","6.0","6","6","6.0","6","4","4.0","4","4","4.0","4","true","true","true","","true","100000000","1296","64","431.736741065979","COMPLETE_UPPER_BOUND_SEARCH","","",""
"table2_row063","table2","912","912","12","12","450","450","16","16","16","17","55","27","16","17","false","false","MATCHED_UPPER_BOUND_NOT_EXACT","SEARCH_DID_NOT_REPRODUCE_CLAIM","6","6.0","6","6","6.0","6","4","4.0","4","4","4.0","4","true","true","true","","true","100000000","1297","64","417.5033781528473","COMPLETE_UPPER_BOUND_SEARCH","","",""
"table2_row064","table2","936","936","6","6","465","465","25","25","25","25","30","80","25","25","false","false","MATCHED_UPPER_BOUND_NOT_EXACT","MATCHED_UPPER_BOUND_NOT_EXACT","6","6.0","6","6","6.0","6","4","4.0","4","4","4.0","4","true","true","true","","true","100000000","1298","64","409.3454809188843","COMPLETE_UPPER_BOUND_SEARCH","","",""
"table2_row065","table2","936","936","12","12","462","462","16","16","16","16","18","26","16","16","false","false","MATCHED_UPPER_BOUND_NOT_EXACT","MATCHED_UPPER_BOUND_NOT_EXACT","6","6.0","6","6","6.0","6","4","4.0","4","4","4.0","4","true","true","true","","true","100000000","1299","64","418.0644690990448","COMPLETE_UPPER_BOUND_SEARCH","","",""
"table2_row066","table2","960","960","6","6","477","477","24","24","6","6","58","100","6","6","false","false","SMALLER_UPPER_BOUND_FOUND","SMALLER_UPPER_BOUND_FOUND","6","6.0","6","6","6.0","6","4","4.0","4","4","4.0","4","true","true","true","","true","100000000","1300","64","422.81209802627563","COMPLETE_UPPER_BOUND_SEARCH","REPORTED_DX_TOO_HIGH;REPORTED_DZ_TOO_HIGH","",""
"table2_row067","table2","960","960","12","12","474","474","16","16","6","6","18","30","6","6","false","false","SMALLER_UPPER_BOUND_FOUND","SMALLER_UPPER_BOUND_FOUND","6","6.0","6","6","6.0","6","4","4.0","4","4","4.0","4","true","true","true","","true","100000000","1301","64","422.8826699256897","COMPLETE_UPPER_BOUND_SEARCH","REPORTED_DX_TOO_HIGH;REPORTED_DZ_TOO_HIGH","",""
"table2_row068","table2","960","960","24","24","468","468","10","10","6","6","16","14","6","6","false","false","SMALLER_UPPER_BOUND_FOUND","SMALLER_UPPER_BOUND_FOUND","6","6.0","6","6","6.0","6","4","4.0","4","4","4.0","4","true","true","true","","true","100000000","1302","64","445.0135440826416","COMPLETE_UPPER_BOUND_SEARCH","REPORTED_DX_TOO_HIGH;REPORTED_DZ_TOO_HIGH","",""
"table2_row069","table2","972","972","36","36","468","468","9","9","9","9","9","27","9","9","true","false","MATCHED_UPPER_BOUND_NOT_EXACT","MATCHED_UPPER_BOUND_NOT_EXACT","6","6.0","6","6","6.0","6","4","4.0","4","4","4.0","4","true","true","true","","true","100000000","1303","64","596.8395118713379","COMPLETE_UPPER_BOUND_SEARCH","","",""
"table2_row070","table2","972","972","18","18","477","477","13","13","13","13","24","36","13","13","false","false","MATCHED_UPPER_BOUND_NOT_EXACT","MATCHED_UPPER_BOUND_NOT_EXACT","6","6.0","6","6","6.0","6","4","4.0","4","4","4.0","4","true","true","true","","true","100000000","1304","64","542.8317050933838","COMPLETE_UPPER_BOUND_SEARCH","","",""
"table2_row071","table2","972","972","6","6","483","483","24","24","27","24","81","50","27","24","false","false","SEARCH_DID_NOT_REPRODUCE_CLAIM","MATCHED_UPPER_BOUND_NOT_EXACT","6","6.0","6","6","6.0","6","4","4.0","4","4","4.0","4","true","true","true","","true","100000000","1305","64","527.6734549999237","COMPLETE_UPPER_BOUND_SEARCH","","",""
"table3_row001","table3","144","144","12","12","66","66","8","8","8","8","8","17","8","8","true","false","MATCHED_UPPER_BOUND_NOT_EXACT","MATCHED_UPPER_BOUND_NOT_EXACT","9","9.0","9","9","9.0","9","6","6.0","6","6","6.0","6","true","true","true","","true","100000000","1306","64","79.79909801483154","COMPLETE_UPPER_BOUND_SEARCH","","",""
"table3_row002","table3","144","144","12","12","66","66","12","12","12","12","12","26","12","12","true","false","MATCHED_UPPER_BOUND_NOT_EXACT","MATCHED_UPPER_BOUND_NOT_EXACT","9","9.0","9","9","9.0","9","6","6.0","6","6","6.0","6","true","true","true","","true","100000000","1307","64","79.29906678199768","COMPLETE_UPPER_BOUND_SEARCH","","",""
"table3_row003","table3","216","216","12","12","102","102","12","12","12","12","22","32","12","12","false","false","MATCHED_UPPER_BOUND_NOT_EXACT","MATCHED_UPPER_BOUND_NOT_EXACT","9","9.0","9","9","9.0","9","6","6.0","6","6","6.0","6","true","true","true","","true","100000000","1308","64","109.53049421310425","COMPLETE_UPPER_BOUND_SEARCH","","",""
"table3_row004","table3","216","216","24","24","96","96","9","9","9","9","18","21","9","9","false","false","MATCHED_UPPER_BOUND_NOT_EXACT","MATCHED_UPPER_BOUND_NOT_EXACT","9","9.0","9","9","9.0","9","6","6.0","6","6","6.0","6","true","true","true","","true","100000000","1309","64","117.63603186607361","COMPLETE_UPPER_BOUND_SEARCH","","",""
"table3_row005","table3","288","288","12","0","144","144","16","16","","","","","","","","","","","9","9.0","9","9","9.0","9","6","6.0","6","6","6.0","6","true","true","true","","true","100000000","1310","64","0.03301191329956055","NO_LOGICAL_QUBITS","K_MISMATCH;NO_LOGICAL_QUBITS","",""
"table3_row006","table3","324","324","12","12","156","156","20","20","18","18","24","18","18","18","false","true","SMALLER_UPPER_BOUND_FOUND","SMALLER_UPPER_BOUND_FOUND","9","9.0","9","9","9.0","9","6","6.0","6","6","6.0","6","true","true","true","true","true","100000000","1311","64","154.97728180885315","COMPLETE_UPPER_BOUND_SEARCH","REPORTED_DX_TOO_HIGH;REPORTED_DZ_TOO_HIGH","",""
"table3_row007","table3","336","336","18","18","159","159","12","12","12","12","20","37","12","12","false","false","MATCHED_UPPER_BOUND_NOT_EXACT","MATCHED_UPPER_BOUND_NOT_EXACT","9","9.0","9","9","9.0","9","6","6.0","6","6","6.0","6","true","true","true","","true","100000000","1312","64","148.27385997772217","COMPLETE_UPPER_BOUND_SEARCH","","",""
"table3_row008","table3","432","432","12","12","210","210","27","27","21","25","72","21","21","21","false","true","SMALLER_UPPER_BOUND_FOUND","SMALLER_UPPER_BOUND_FOUND","9","9.0","9","9","9.0","9","6","6.0","6","6","6.0","6","true","true","true","true","true","100000000","1313","64","171.74728298187256","COMPLETE_UPPER_BOUND_SEARCH","REPORTED_DX_TOO_HIGH;REPORTED_DZ_TOO_HIGH","",""
"table3_row009","table3","432","432","24","24","204","204","18","18","18","18","18","58","18","18","true","false","MATCHED_UPPER_BOUND_NOT_EXACT","MATCHED_UPPER_BOUND_NOT_EXACT","9","9.0","9","9","9.0","9","6","6.0","6","6","6.0","6","true","true","true","","true","100000000","1314","64","173.23584294319153","COMPLETE_UPPER_BOUND_SEARCH","","",""
"table3_row010","table3","486","486","12","12","237","237","25","25","21","18","30","72","21","18","false","false","SMALLER_UPPER_BOUND_FOUND","SMALLER_UPPER_BOUND_FOUND","9","9.0","9","9","9.0","9","6","6.0","6","6","6.0","6","true","true","true","","true","100000000","1315","64","198.6026849746704","COMPLETE_UPPER_BOUND_SEARCH","REPORTED_DX_TOO_HIGH;REPORTED_DZ_TOO_HIGH","",""
"table3_row011","table3","486","486","24","24","231","231","12","12","12","12","24","35","12","12","false","false","MATCHED_UPPER_BOUND_NOT_EXACT","MATCHED_UPPER_BOUND_NOT_EXACT","9","9.0","9","9","9.0","9","6","6.0","6","6","6.0","6","true","true","true","","true","100000000","1316","64","197.69589400291443","COMPLETE_UPPER_BOUND_SEARCH","","",""
"table3_row012","table3","504","504","12","12","246","246","18","18","18","18","18","29","18","18","true","false","MATCHED_UPPER_BOUND_NOT_EXACT","MATCHED_UPPER_BOUND_NOT_EXACT","9","9.0","9","9","9.0","9","6","6.0","6","6","6.0","6","true","true","true","","true","100000000","1317","64","202.0657069683075","COMPLETE_UPPER_BOUND_SEARCH","","",""
"table3_row013","table3","504","504","12","12","246","246","53","75","28","28","42","69","28","28","false","false","SMALLER_UPPER_BOUND_FOUND","SMALLER_UPPER_BOUND_FOUND","9","9.0","9","9","9.0","9","6","6.0","6","6","6.0","6","true","true","true","","true","100000000","1318","64","202.08293795585632","COMPLETE_UPPER_BOUND_SEARCH","REPORTED_DX_TOO_HIGH;REPORTED_DZ_TOO_HIGH","",""
"table3_row014","table3","540","540","12","12","264","264","79","79","30","30","60","89","30","30","false","false","SMALLER_UPPER_BOUND_FOUND","SMALLER_UPPER_BOUND_FOUND","9","9.0","9","9","9.0","9","6","6.0","6","6","6.0","6","true","true","true","","true","100000000","1319","64","198.92002391815186","COMPLETE_UPPER_BOUND_SEARCH","REPORTED_DX_TOO_HIGH;REPORTED_DZ_TOO_HIGH","",""
"table3_row015","table3","576","576","12","12","282","282","58","35","9","9","48","109","9","9","false","false","SMALLER_UPPER_BOUND_FOUND","SMALLER_UPPER_BOUND_FOUND","9","9.0","9","9","9.0","9","6","6.0","6","6","6.0","6","true","true","true","","true","100000000","1320","64","204.68161010742188","COMPLETE_UPPER_BOUND_SEARCH","REPORTED_DX_TOO_HIGH;REPORTED_DZ_TOO_HIGH","",""
"table3_row016","table3","648","648","18","12","318","318","23","23","22","22","78","22","22","22","false","true","SMALLER_UPPER_BOUND_FOUND","SMALLER_UPPER_BOUND_FOUND","9","9.0","9","9","9.0","9","6","6.0","6","6","6.0","6","true","true","true","true","true","100000000","1321","64","223.8061330318451","COMPLETE_UPPER_BOUND_SEARCH","K_MISMATCH;REPORTED_DX_TOO_HIGH;REPORTED_DZ_TOO_HIGH","",""
"table3_row017","table3","648","648","12","12","318","318","96","44","24","30","48","61","24","30","false","false","SMALLER_UPPER_BOUND_FOUND","SMALLER_UPPER_BOUND_FOUND","9","9.0","9","9","9.0","9","6","6.0","6","6","6.0","6","true","true","true","","true","100000000","1322","64","224.64965987205505","COMPLETE_UPPER_BOUND_SEARCH","REPORTED_DX_TOO_HIGH;REPORTED_DZ_TOO_HIGH","",""
"table3_row018","table3","648","648","12","12","318","318","102","102","31","38","48","58","31","38","false","false","SMALLER_UPPER_BOUND_FOUND","SMALLER_UPPER_BOUND_FOUND","9","9.0","9","9","9.0","9","6","6.0","6","6","6.0","6","true","true","true","","true","100000000","1323","64","224.23352313041687","COMPLETE_UPPER_BOUND_SEARCH","REPORTED_DX_TOO_HIGH;REPORTED_DZ_TOO_HIGH","",""
"table3_row019","table3","672","672","18","18","327","327","21","21","24","20","24","53","24","20","true","false","SEARCH_DID_NOT_REPRODUCE_CLAIM","SMALLER_UPPER_BOUND_FOUND","9","9.0","9","9","9.0","9","6","6.0","6","6","6.0","6","true","true","true","","true","100000000","1324","64","230.42637705802917","COMPLETE_UPPER_BOUND_SEARCH","REPORTED_DZ_TOO_HIGH","",""
"table3_row020","table3","720","720","12","12","354","354","22","22","22","22","120","167","22","22","false","false","MATCHED_UPPER_BOUND_NOT_EXACT","MATCHED_UPPER_BOUND_NOT_EXACT","9","9.0","9","9","9.0","9","6","6.0","6","6","6.0","6","true","true","true","","true","100000000","1325","64","276.5677480697632","COMPLETE_UPPER_BOUND_SEARCH","","",""
"table3_row021","table3","720","720","12","12","354","354","114","110","30","34","90","128","30","34","false","false","SMALLER_UPPER_BOUND_FOUND","SMALLER_UPPER_BOUND_FOUND","9","9.0","9","9","9.0","9","6","6.0","6","6","6.0","6","true","true","true","","true","100000000","1326","64","276.70827198028564","COMPLETE_UPPER_BOUND_SEARCH","REPORTED_DX_TOO_HIGH;REPORTED_DZ_TOO_HIGH","",""
"table3_row022","table3","756","756","12","12","372","372","22","22","26","23","56","109","26","23","false","false","SEARCH_DID_NOT_REPRODUCE_CLAIM","SEARCH_DID_NOT_REPRODUCE_CLAIM","9","9.0","9","9","9.0","9","6","6.0","6","6","6.0","6","true","true","true","","true","100000000","1327","64","291.6218409538269","COMPLETE_UPPER_BOUND_SEARCH","","",""
"table3_row023","table3","756","756","12","12","372","372","128","124","30","46","84","115","30","46","false","false","SMALLER_UPPER_BOUND_FOUND","SMALLER_UPPER_BOUND_FOUND","9","9.0","9","9","9.0","9","6","6.0","6","6","6.0","6","true","true","true","","true","100000000","1328","64","291.85307478904724","COMPLETE_UPPER_BOUND_SEARCH","REPORTED_DX_TOO_HIGH;REPORTED_DZ_TOO_HIGH","",""
"table3_row024","table3","810","810","12","12","399","399","122","136","48","33","60","65","48","33","false","false","SMALLER_UPPER_BOUND_FOUND","SMALLER_UPPER_BOUND_FOUND","9","9.0","9","9","9.0","9","6","6.0","6","6","6.0","6","true","true","true","","true","100000000","1329","64","291.03536200523376","COMPLETE_UPPER_BOUND_SEARCH","REPORTED_DX_TOO_HIGH;REPORTED_DZ_TOO_HIGH","",""
"table3_row025","table3","840","840","18","18","411","411","141","144","42","37","80","129","42","37","false","false","SMALLER_UPPER_BOUND_FOUND","SMALLER_UPPER_BOUND_FOUND","9","9.0","9","9","9.0","9","6","6.0","6","6","6.0","6","true","true","true","","true","100000000","1330","64","348.60037183761597","COMPLETE_UPPER_BOUND_SEARCH","REPORTED_DX_TOO_HIGH;REPORTED_DZ_TOO_HIGH","",""
"table3_row026","table3","864","864","12","12","426","426","18","18","18","42","144","189","18","42","false","false","MATCHED_UPPER_BOUND_NOT_EXACT","SEARCH_DID_NOT_REPRODUCE_CLAIM","9","9.0","9","9","9.0","9","6","6.0","6","6","6.0","6","true","true","true","","true","100000000","1331","64","356.80530190467834","COMPLETE_UPPER_BOUND_SEARCH","","",""
"table3_row027","table3","864","864","12","12","426","426","151","149","36","48","48","155","36","48","false","false","SMALLER_UPPER_BOUND_FOUND","SMALLER_UPPER_BOUND_FOUND","9","9.0","9","9","9.0","9","6","6.0","6","6","6.0","6","true","true","true","","true","100000000","1332","64","357.4244909286499","COMPLETE_UPPER_BOUND_SEARCH","REPORTED_DX_TOO_HIGH;REPORTED_DZ_TOO_HIGH","",""
"table3_row028","table3","972","972","12","12","480","480","167","167","24","36","84","152","24","36","false","false","SMALLER_UPPER_BOUND_FOUND","SMALLER_UPPER_BOUND_FOUND","9","9.0","9","9","9.0","9","6","6.0","6","6","6.0","6","true","true","true","","true","100000000","1333","64","658.2327702045441","COMPLETE_UPPER_BOUND_SEARCH","REPORTED_DX_TOO_HIGH;REPORTED_DZ_TOO_HIGH","",""
"table3_row029","table3","972","972","24","24","474","474","27","26","24","24","48","143","24","24","false","false","SMALLER_UPPER_BOUND_FOUND","SMALLER_UPPER_BOUND_FOUND","9","9.0","9","9","9.0","9","6","6.0","6","6","6.0","6","true","true","true","","true","100000000","1334","64","516.9111919403076","COMPLETE_UPPER_BOUND_SEARCH","REPORTED_DX_TOO_HIGH;REPORTED_DZ_TOO_HIGH","",""
"table3_row030","table3","972","972","24","24","474","474","27","162","24","24","148","154","24","24","false","false","SMALLER_UPPER_BOUND_FOUND","SMALLER_UPPER_BOUND_FOUND","9","9.0","9","9","9.0","9","6","6.0","6","6","6.0","6","true","true","true","","true","100000000","1335","64","518.946722984314","COMPLETE_UPPER_BOUND_SEARCH","REPORTED_DX_TOO_HIGH;REPORTED_DZ_TOO_HIGH","",""
"table4_row001","table4","96","96","44","44","26","26","4","4","4","4","4","4","4","4","true","true","MATCHED_UPPER_BOUND_NOT_EXACT","MATCHED_UPPER_BOUND_NOT_EXACT","12","12.0","12","12","12.0","12","8","8.0","8","8","8.0","8","true","true","true","","true","100000000","1336","64","61.79024004936218","COMPLETE_UPPER_BOUND_SEARCH","","",""
"table4_row002","table4","144","144","12","12","66","66","8","8","8","8","10","8","8","8","false","true","MATCHED_UPPER_BOUND_NOT_EXACT","MATCHED_UPPER_BOUND_NOT_EXACT","8","9.0","10","8","9.0","10","4","6.0","8","4","6.0","8","true","true","true","","true","100000000","1337","64","80.81529688835144","COMPLETE_UPPER_BOUND_SEARCH","","",""
"table4_row003","table4","192","192","12","12","90","90","12","12","8","8","24","28","8","8","false","false","SMALLER_UPPER_BOUND_FOUND","SMALLER_UPPER_BOUND_FOUND","12","12.0","12","12","12.0","12","8","8.0","8","8","8.0","8","true","true","true","","true","100000000","1338","64","96.84178686141968","COMPLETE_UPPER_BOUND_SEARCH","REPORTED_DX_TOO_HIGH;REPORTED_DZ_TOO_HIGH","",""
"table4_row004","table4","216","216","12","12","102","102","12","12","12","12","18","43","12","12","false","false","MATCHED_UPPER_BOUND_NOT_EXACT","MATCHED_UPPER_BOUND_NOT_EXACT","8","9.0","10","8","9.0","10","4","6.0","8","4","6.0","8","true","true","true","","true","100000000","1339","64","111.39952492713928","COMPLETE_UPPER_BOUND_SEARCH","","",""
"table4_row005","table4","216","216","12","12","102","102","14","14","14","14","24","34","14","14","false","false","MATCHED_UPPER_BOUND_NOT_EXACT","MATCHED_UPPER_BOUND_NOT_EXACT","12","12.0","12","12","12.0","12","8","8.0","8","8","8.0","8","true","true","true","","true","100000000","1340","64","108.98853492736816","COMPLETE_UPPER_BOUND_SEARCH","","",""
"table4_row006","table4","240","240","6","6","117","117","24","24","20","20","20","56","20","20","true","false","SMALLER_UPPER_BOUND_FOUND","SMALLER_UPPER_BOUND_FOUND","12","12.0","12","12","12.0","12","8","8.0","8","8","8.0","8","true","true","true","","true","100000000","1341","64","117.25906896591187","COMPLETE_UPPER_BOUND_SEARCH","REPORTED_DX_TOO_HIGH;REPORTED_DZ_TOO_HIGH","",""
"table4_row007","table4","240","240","12","12","114","114","16","16","16","16","20","38","16","16","false","false","MATCHED_UPPER_BOUND_NOT_EXACT","MATCHED_UPPER_BOUND_NOT_EXACT","12","12.0","12","12","12.0","12","8","8.0","8","8","8.0","8","true","true","true","","true","100000000","1342","64","116.37856698036194","COMPLETE_UPPER_BOUND_SEARCH","","",""
"table4_row008","table4","240","240","18","18","111","111","10","10","10","10","16","38","10","10","false","false","MATCHED_UPPER_BOUND_NOT_EXACT","MATCHED_UPPER_BOUND_NOT_EXACT","12","12.0","12","12","12.0","12","8","8.0","8","8","8.0","8","true","true","true","","true","100000000","1343","64","116.40679216384888","COMPLETE_UPPER_BOUND_SEARCH","","",""
"table4_row009","table4","288","288","24","24","132","132","12","12","12","12","24","30","12","12","false","false","MATCHED_UPPER_BOUND_NOT_EXACT","MATCHED_UPPER_BOUND_NOT_EXACT","12","12.0","12","12","12.0","12","8","8.0","8","8","8.0","8","true","true","true","","true","100000000","1344","64","132.42596983909607","COMPLETE_UPPER_BOUND_SEARCH","","",""
"table4_row010","table4","324","324","6","6","159","159","51","49","18","18","45","80","18","18","false","false","SMALLER_UPPER_BOUND_FOUND","SMALLER_UPPER_BOUND_FOUND","12","12.0","12","12","12.0","12","8","8.0","8","8","8.0","8","true","true","true","","true","100000000","1345","64","143.5385661125183","COMPLETE_UPPER_BOUND_SEARCH","REPORTED_DX_TOO_HIGH;REPORTED_DZ_TOO_HIGH","",""
"table4_row011","table4","324","324","18","18","153","153","18","18","18","18","24","71","18","18","false","false","MATCHED_UPPER_BOUND_NOT_EXACT","MATCHED_UPPER_BOUND_NOT_EXACT","12","12.0","12","12","12.0","12","8","8.0","8","8","8.0","8","true","true","true","","true","100000000","1346","64","142.7482590675354","COMPLETE_UPPER_BOUND_SEARCH","","",""
"table4_row012","table4","336","336","6","6","165","165","54","54","28","28","28","80","28","28","true","false","SMALLER_UPPER_BOUND_FOUND","SMALLER_UPPER_BOUND_FOUND","12","12.0","12","12","12.0","12","8","8.0","8","8","8.0","8","true","true","true","","true","100000000","1347","64","146.7479088306427","COMPLETE_UPPER_BOUND_SEARCH","REPORTED_DX_TOO_HIGH;REPORTED_DZ_TOO_HIGH","",""
"table4_row013","table4","336","336","12","12","162","162","49","49","24","24","28","34","24","24","false","false","SMALLER_UPPER_BOUND_FOUND","SMALLER_UPPER_BOUND_FOUND","12","12.0","12","12","12.0","12","8","8.0","8","8","8.0","8","true","true","true","","true","100000000","1348","64","145.80897307395935","COMPLETE_UPPER_BOUND_SEARCH","REPORTED_DX_TOO_HIGH;REPORTED_DZ_TOO_HIGH","",""
"table4_row014","table4","384","384","24","24","180","180","16","16","12","12","28","78","12","12","false","false","SMALLER_UPPER_BOUND_FOUND","SMALLER_UPPER_BOUND_FOUND","12","12.0","12","12","12.0","12","8","8.0","8","8","8.0","8","true","true","true","","true","100000000","1349","64","160.92024683952332","COMPLETE_UPPER_BOUND_SEARCH","REPORTED_DX_TOO_HIGH;REPORTED_DZ_TOO_HIGH","",""
"table4_row015","table4","432","432","12","12","210","210","70","70","24","18","18","48","18","18","true","false","SMALLER_UPPER_BOUND_FOUND","SMALLER_UPPER_BOUND_FOUND","12","12.0","12","12","12.0","12","8","8.0","8","8","8.0","8","true","true","true","","true","100000000","1350","64","170.15908002853394","COMPLETE_UPPER_BOUND_SEARCH","REPORTED_DX_TOO_HIGH;REPORTED_DZ_TOO_HIGH","",""
"table4_row016","table4","480","480","12","12","234","234","80","80","32","20","20","72","20","20","true","false","SMALLER_UPPER_BOUND_FOUND","SMALLER_UPPER_BOUND_FOUND","12","12.0","12","12","12.0","12","8","8.0","8","8","8.0","8","true","true","true","","true","100000000","1351","64","197.4457459449768","COMPLETE_UPPER_BOUND_SEARCH","REPORTED_DX_TOO_HIGH;REPORTED_DZ_TOO_HIGH","",""
"table4_row017","table4","486","486","24","24","231","231","12","12","12","12","12","63","12","12","true","false","MATCHED_UPPER_BOUND_NOT_EXACT","MATCHED_UPPER_BOUND_NOT_EXACT","9","9.0","9","9","9.0","9","6","6.0","6","6","6.0","6","true","true","true","","true","100000000","1352","64","199.84243392944336","COMPLETE_UPPER_BOUND_SEARCH","","",""
"table4_row018","table4","486","486","66","66","210","210","9","9","9","9","9","15","9","9","true","false","MATCHED_UPPER_BOUND_NOT_EXACT","MATCHED_UPPER_BOUND_NOT_EXACT","12","12.0","12","12","12.0","12","8","8.0","8","8","8.0","8","true","true","true","","true","100000000","1353","64","203.1784701347351","COMPLETE_UPPER_BOUND_SEARCH","","",""
"table4_row019","table4","576","480","12","12","234","234","100","100","20","20","20","54","20","20","true","false","SMALLER_UPPER_BOUND_FOUND","SMALLER_UPPER_BOUND_FOUND","12","12.0","12","12","12.0","12","8","8.0","8","8","8.0","8","true","true","true","","true","100000000","1354","64","195.30378699302673","COMPLETE_UPPER_BOUND_SEARCH","N_MISMATCH;REPORTED_DX_TOO_HIGH;REPORTED_DZ_TOO_HIGH","",""
"table4_row020","table4","576","576","64","64","256","256","6","6","6","6","6","6","6","6","true","true","MATCHED_UPPER_BOUND_NOT_EXACT","MATCHED_UPPER_BOUND_NOT_EXACT","12","12.0","12","12","12.0","12","8","8.0","8","8","8.0","8","true","true","true","","true","100000000","1355","64","224.60690593719482","COMPLETE_UPPER_BOUND_SEARCH","","",""
"table4_row021","table4","624","624","12","12","306","306","110","110","38","28","52","108","38","28","false","false","SMALLER_UPPER_BOUND_FOUND","SMALLER_UPPER_BOUND_FOUND","12","12.0","12","12","12.0","12","8","8.0","8","8","8.0","8","true","true","true","","true","100000000","1356","64","221.6661820411682","COMPLETE_UPPER_BOUND_SEARCH","REPORTED_DX_TOO_HIGH;REPORTED_DZ_TOO_HIGH","",""
"table4_row022","table4","648","648","60","60","294","294","9","9","9","9","9","15","9","9","true","false","MATCHED_UPPER_BOUND_NOT_EXACT","MATCHED_UPPER_BOUND_NOT_EXACT","12","12.0","12","12","12.0","12","8","8.0","8","8","8.0","8","true","true","true","","true","100000000","1357","64","241.32363986968994","COMPLETE_UPPER_BOUND_SEARCH","","",""
"table4_row023","table4","672","672","12","12","330","330","122","122","44","28","28","98","28","28","true","false","SMALLER_UPPER_BOUND_FOUND","SMALLER_UPPER_BOUND_FOUND","12","12.0","12","12","12.0","12","8","8.0","8","8","8.0","8","true","true","true","","true","100000000","1358","64","229.51893997192383","COMPLETE_UPPER_BOUND_SEARCH","REPORTED_DX_TOO_HIGH;REPORTED_DZ_TOO_HIGH","",""
"table4_row024","table4","720","720","12","12","354","354","131","131","34","27","60","117","34","27","false","false","SMALLER_UPPER_BOUND_FOUND","SMALLER_UPPER_BOUND_FOUND","12","12.0","12","12","12.0","12","8","8.0","8","8","8.0","8","true","true","true","","true","100000000","1359","64","276.967885017395","COMPLETE_UPPER_BOUND_SEARCH","REPORTED_DX_TOO_HIGH;REPORTED_DZ_TOO_HIGH","",""
"table4_row025","table4","768","768","12","12","378","378","12","12","6","6","32","30","6","6","false","false","SMALLER_UPPER_BOUND_FOUND","SMALLER_UPPER_BOUND_FOUND","6","6.0","6","6","6.0","6","4","4.0","4","4","4.0","4","true","true","true","","true","100000000","1360","64","328.62775897979736","COMPLETE_UPPER_BOUND_SEARCH","REPORTED_DX_TOO_HIGH;REPORTED_DZ_TOO_HIGH","",""
"table4_row026","table4","768","768","12","12","378","378","144","144","12","12","128","110","12","12","false","false","SMALLER_UPPER_BOUND_FOUND","SMALLER_UPPER_BOUND_FOUND","12","12.0","12","12","12.0","12","8","8.0","8","8","8.0","8","true","true","true","","true","100000000","1361","64","287.79282999038696","COMPLETE_UPPER_BOUND_SEARCH","REPORTED_DX_TOO_HIGH;REPORTED_DZ_TOO_HIGH","",""
"table5_row001","table5","96","96","12","12","42","42","6","6","6","6","8","8","6","6","false","false","MATCHED_UPPER_BOUND_NOT_EXACT","MATCHED_UPPER_BOUND_NOT_EXACT","12","12.0","12","12","12.0","12","8","8.0","8","8","8.0","8","true","true","true","","true","100000000","1362","64","52.16628384590149","COMPLETE_UPPER_BOUND_SEARCH","","",""
"table5_row002","table5","96","96","12","12","42","42","8","8","8","8","8","12","8","8","true","false","MATCHED_UPPER_BOUND_NOT_EXACT","MATCHED_UPPER_BOUND_NOT_EXACT","12","12.0","12","12","12.0","12","8","8.0","8","8","8.0","8","true","true","true","","true","100000000","1363","64","51.64694595336914","COMPLETE_UPPER_BOUND_SEARCH","","",""
"table5_row003","table5","144","144","6","6","69","69","6","6","6","6","6","24","6","6","true","false","MATCHED_UPPER_BOUND_NOT_EXACT","MATCHED_UPPER_BOUND_NOT_EXACT","12","12.0","12","12","12.0","12","8","8.0","8","8","8.0","8","true","true","true","","true","100000000","1364","64","79.5259120464325","COMPLETE_UPPER_BOUND_SEARCH","","",""
"table5_row004","table5","144","144","6","6","69","69","8","8","8","8","16","26","8","8","false","false","MATCHED_UPPER_BOUND_NOT_EXACT","MATCHED_UPPER_BOUND_NOT_EXACT","12","12.0","12","12","12.0","12","8","8.0","8","8","8.0","8","true","true","true","","true","100000000","1365","64","79.4509949684143","COMPLETE_UPPER_BOUND_SEARCH","","",""
"table5_row005","table5","144","144","6","6","69","69","10","10","10","10","10","20","10","10","true","false","MATCHED_UPPER_BOUND_NOT_EXACT","MATCHED_UPPER_BOUND_NOT_EXACT","12","12.0","12","12","12.0","12","8","8.0","8","8","8.0","8","true","true","true","","true","100000000","1366","64","79.28938102722168","COMPLETE_UPPER_BOUND_SEARCH","","",""
"table5_row006","table5","144","144","6","6","69","69","12","12","12","12","24","34","12","12","false","false","MATCHED_UPPER_BOUND_NOT_EXACT","MATCHED_UPPER_BOUND_NOT_EXACT","12","12.0","12","12","12.0","12","8","8.0","8","8","8.0","8","true","true","true","","true","100000000","1367","64","79.45309805870056","COMPLETE_UPPER_BOUND_SEARCH","","",""
"table5_row007","table5","144","144","12","12","66","66","6","6","6","6","6","16","6","6","true","false","MATCHED_UPPER_BOUND_NOT_EXACT","MATCHED_UPPER_BOUND_NOT_EXACT","12","12.0","12","12","12.0","12","8","8.0","8","8","8.0","8","true","true","true","","true","100000000","1368","64","79.63990521430969","COMPLETE_UPPER_BOUND_SEARCH","","",""
"table5_row008","table5","144","144","12","12","66","66","8","8","8","8","12","20","8","8","false","false","MATCHED_UPPER_BOUND_NOT_EXACT","MATCHED_UPPER_BOUND_NOT_EXACT","12","12.0","12","12","12.0","12","8","8.0","8","8","8.0","8","true","true","true","","true","100000000","1369","64","79.07324409484863","COMPLETE_UPPER_BOUND_SEARCH","","",""
"table5_row009","table5","144","144","12","12","66","66","10","10","10","10","12","28","10","10","false","false","MATCHED_UPPER_BOUND_NOT_EXACT","MATCHED_UPPER_BOUND_NOT_EXACT","12","12.0","12","12","12.0","12","8","8.0","8","8","8.0","8","true","true","true","","true","100000000","1370","64","79.16979098320007","COMPLETE_UPPER_BOUND_SEARCH","","",""
"table5_row010","table5","144","144","12","12","66","66","12","12","12","12","12","14","12","12","true","false","MATCHED_UPPER_BOUND_NOT_EXACT","MATCHED_UPPER_BOUND_NOT_EXACT","12","12.0","12","12","12.0","12","8","8.0","8","8","8.0","8","true","true","true","","true","100000000","1371","64","78.93790698051453","COMPLETE_UPPER_BOUND_SEARCH","","",""
"table5_row011","table5","144","144","18","18","63","63","6","6","6","6","8","16","6","6","false","false","MATCHED_UPPER_BOUND_NOT_EXACT","MATCHED_UPPER_BOUND_NOT_EXACT","12","12.0","12","12","12.0","12","8","8.0","8","8","8.0","8","true","true","true","","true","100000000","1372","64","78.9371018409729","COMPLETE_UPPER_BOUND_SEARCH","","",""
"table6_row001","table6","156","156","6","6","75","75","10","10","6","6","13","11","6","6","false","false","SMALLER_UPPER_BOUND_FOUND","SMALLER_UPPER_BOUND_FOUND","6","6.0","6","6","6.0","6","4","4.0","4","4","4.0","4","true","true","true","","true","100000000","1373","64","88.04417586326599","COMPLETE_UPPER_BOUND_SEARCH","REPORTED_DX_TOO_HIGH;REPORTED_DZ_TOO_HIGH","",""
"table6_row002","table6","162","162","6","6","78","78","9","9","9","9","9","16","9","9","true","false","MATCHED_UPPER_BOUND_NOT_EXACT","MATCHED_UPPER_BOUND_NOT_EXACT","6","6.0","6","6","6.0","6","4","4.0","4","4","4.0","4","true","true","true","","true","100000000","1374","64","90.91718792915344","COMPLETE_UPPER_BOUND_SEARCH","","",""
"table6_row003","table6","168","168","6","6","81","81","9","9","9","9","17","20","9","9","false","false","MATCHED_UPPER_BOUND_NOT_EXACT","MATCHED_UPPER_BOUND_NOT_EXACT","6","6.0","6","6","6.0","6","4","4.0","4","4","4.0","4","true","true","true","","true","100000000","1375","64","91.60622692108154","COMPLETE_UPPER_BOUND_SEARCH","","",""
"table6_row004","table6","168","168","12","12","78","78","7","7","7","7","14","11","7","7","false","false","MATCHED_UPPER_BOUND_NOT_EXACT","MATCHED_UPPER_BOUND_NOT_EXACT","6","6.0","6","6","6.0","6","4","4.0","4","4","4.0","4","true","true","true","","true","100000000","1376","64","93.2464280128479","COMPLETE_UPPER_BOUND_SEARCH","","",""
"table6_row005","table6","174","174","6","6","84","84","11","11","11","11","15","17","11","11","false","false","MATCHED_UPPER_BOUND_NOT_EXACT","MATCHED_UPPER_BOUND_NOT_EXACT","6","6.0","6","6","6.0","6","4","4.0","4","4","4.0","4","true","true","true","","true","100000000","1377","64","94.04447913169861","COMPLETE_UPPER_BOUND_SEARCH","","",""
"table6_row006","table6","180","180","6","6","87","87","10","10","10","10","14","25","10","10","false","false","MATCHED_UPPER_BOUND_NOT_EXACT","MATCHED_UPPER_BOUND_NOT_EXACT","6","6.0","6","6","6.0","6","4","4.0","4","4","4.0","4","true","true","true","","true","100000000","1378","64","95.74525499343872","COMPLETE_UPPER_BOUND_SEARCH","","",""
"table6_row007","table6","186","186","6","6","90","90","11","11","11","11","19","11","11","11","false","true","MATCHED_UPPER_BOUND_NOT_EXACT","MATCHED_UPPER_BOUND_NOT_EXACT","6","6.0","6","6","6.0","6","4","4.0","4","4","4.0","4","true","true","true","","true","100000000","1379","64","106.19250512123108","COMPLETE_UPPER_BOUND_SEARCH","","",""
"table6_row008","table6","192","192","6","6","93","93","11","11","6","6","25","11","6","6","false","false","SMALLER_UPPER_BOUND_FOUND","SMALLER_UPPER_BOUND_FOUND","6","6.0","6","6","6.0","6","4","4.0","4","4","4.0","4","true","true","true","","true","100000000","1380","64","100.03736090660095","COMPLETE_UPPER_BOUND_SEARCH","REPORTED_DX_TOO_HIGH;REPORTED_DZ_TOO_HIGH","",""
"table6_row009","table6","198","198","6","6","96","96","10","10","10","10","10","16","10","10","true","false","MATCHED_UPPER_BOUND_NOT_EXACT","MATCHED_UPPER_BOUND_NOT_EXACT","6","6.0","6","6","6.0","6","4","4.0","4","4","4.0","4","true","true","true","","true","100000000","1381","64","107.90989017486572","COMPLETE_UPPER_BOUND_SEARCH","","",""
"table6_row010","table6","204","204","6","6","99","99","12","12","12","12","23","18","12","12","false","false","MATCHED_UPPER_BOUND_NOT_EXACT","MATCHED_UPPER_BOUND_NOT_EXACT","6","6.0","6","6","6.0","6","4","4.0","4","4","4.0","4","true","true","true","","true","100000000","1382","64","108.96278119087219","COMPLETE_UPPER_BOUND_SEARCH","","",""
"table6_row011","table6","210","210","6","6","102","102","11","11","11","11","35","24","11","11","false","false","MATCHED_UPPER_BOUND_NOT_EXACT","MATCHED_UPPER_BOUND_NOT_EXACT","6","6.0","6","6","6.0","6","4","4.0","4","4","4.0","4","true","true","true","","true","100000000","1383","64","112.8555040359497","COMPLETE_UPPER_BOUND_SEARCH","","",""
"table6_row012","table6","216","216","6","6","105","105","12","12","12","12","25","19","12","12","false","false","MATCHED_UPPER_BOUND_NOT_EXACT","MATCHED_UPPER_BOUND_NOT_EXACT","6","6.0","6","6","6.0","6","4","4.0","4","4","4.0","4","true","true","true","","true","100000000","1384","64","113.19580411911011","COMPLETE_UPPER_BOUND_SEARCH","","",""
"table6_row013","table6","222","222","6","6","108","108","11","11","11","11","30","17","11","11","false","false","MATCHED_UPPER_BOUND_NOT_EXACT","MATCHED_UPPER_BOUND_NOT_EXACT","6","6.0","6","6","6.0","6","4","4.0","4","4","4.0","4","true","true","true","","true","100000000","1385","64","115.81999206542969","COMPLETE_UPPER_BOUND_SEARCH","","",""
"table6_row014","table6","228","228","6","6","111","111","12","12","12","12","28","18","12","12","false","false","MATCHED_UPPER_BOUND_NOT_EXACT","MATCHED_UPPER_BOUND_NOT_EXACT","6","6.0","6","6","6.0","6","4","4.0","4","4","4.0","4","true","true","true","","true","100000000","1386","64","117.94781708717346","COMPLETE_UPPER_BOUND_SEARCH","","",""
"table6_row015","table6","234","234","6","6","114","114","13","13","13","13","13","24","13","13","true","false","MATCHED_UPPER_BOUND_NOT_EXACT","MATCHED_UPPER_BOUND_NOT_EXACT","6","6.0","6","6","6.0","6","4","4.0","4","4","4.0","4","true","true","true","","true","100000000","1387","64","128.70018792152405","COMPLETE_UPPER_BOUND_SEARCH","","",""
"table6_row016","table6","240","240","6","6","117","117","12","12","12","12","17","27","12","12","false","false","MATCHED_UPPER_BOUND_NOT_EXACT","MATCHED_UPPER_BOUND_NOT_EXACT","6","6.0","6","6","6.0","6","4","4.0","4","4","4.0","4","true","true","true","","true","100000000","1388","64","121.27480483055115","COMPLETE_UPPER_BOUND_SEARCH","","",""
"table6_row017","table6","246","246","6","6","120","120","12","12","12","12","14","14","12","12","false","false","MATCHED_UPPER_BOUND_NOT_EXACT","MATCHED_UPPER_BOUND_NOT_EXACT","6","6.0","6","6","6.0","6","4","4.0","4","4","4.0","4","true","true","true","","true","100000000","1389","64","124.40778303146362","COMPLETE_UPPER_BOUND_SEARCH","","",""
"table6_row018","table6","252","252","6","6","123","123","12","12","12","12","35","35","12","12","false","false","MATCHED_UPPER_BOUND_NOT_EXACT","MATCHED_UPPER_BOUND_NOT_EXACT","6","6.0","6","6","6.0","6","4","4.0","4","4","4.0","4","true","true","true","","true","100000000","1390","64","126.55768585205078","COMPLETE_UPPER_BOUND_SEARCH","","",""
"table6_row019","table6","258","258","6","6","126","126","12","12","12","12","12","12","12","12","true","true","MATCHED_UPPER_BOUND_NOT_EXACT","MATCHED_UPPER_BOUND_NOT_EXACT","6","6.0","6","6","6.0","6","4","4.0","4","4","4.0","4","true","true","true","","true","100000000","1391","64","130.16106915473938","COMPLETE_UPPER_BOUND_SEARCH","","",""
"table6_row020","table6","264","264","6","6","129","129","13","13","13","13","22","25","13","13","false","false","MATCHED_UPPER_BOUND_NOT_EXACT","MATCHED_UPPER_BOUND_NOT_EXACT","6","6.0","6","6","6.0","6","4","4.0","4","4","4.0","4","true","true","true","","true","100000000","1392","64","130.90277099609375","COMPLETE_UPPER_BOUND_SEARCH","","",""
"table6_row021","table6","270","270","6","6","132","132","14","14","14","14","15","22","14","14","false","false","MATCHED_UPPER_BOUND_NOT_EXACT","MATCHED_UPPER_BOUND_NOT_EXACT","6","6.0","6","6","6.0","6","4","4.0","4","4","4.0","4","true","true","true","","true","100000000","1393","64","132.90112495422363","COMPLETE_UPPER_BOUND_SEARCH","","",""
"table6_row022","table6","276","276","6","6","135","135","14","14","14","14","35","14","14","14","false","true","MATCHED_UPPER_BOUND_NOT_EXACT","MATCHED_UPPER_BOUND_NOT_EXACT","6","6.0","6","6","6.0","6","4","4.0","4","4","4.0","4","true","true","true","","true","100000000","1394","64","134.21630215644836","COMPLETE_UPPER_BOUND_SEARCH","","",""
"table6_row023","table6","282","282","6","6","138","138","13","13","13","13","13","13","13","13","true","true","MATCHED_UPPER_BOUND_NOT_EXACT","MATCHED_UPPER_BOUND_NOT_EXACT","6","6.0","6","6","6.0","6","4","4.0","4","4","4.0","4","true","true","true","","true","100000000","1395","64","146.23495197296143","COMPLETE_UPPER_BOUND_SEARCH","","",""
"table6_row024","table6","288","288","6","6","141","141","13","13","13","13","48","20","13","13","false","false","MATCHED_UPPER_BOUND_NOT_EXACT","MATCHED_UPPER_BOUND_NOT_EXACT","6","6.0","6","6","6.0","6","4","4.0","4","4","4.0","4","true","true","true","","true","100000000","1396","64","137.09738492965698","COMPLETE_UPPER_BOUND_SEARCH","","",""
"table6_row025","table6","294","294","6","6","144","144","14","14","14","14","25","25","14","14","false","false","MATCHED_UPPER_BOUND_NOT_EXACT","MATCHED_UPPER_BOUND_NOT_EXACT","6","6.0","6","6","6.0","6","4","4.0","4","4","4.0","4","true","true","true","","true","100000000","1397","64","140.1855890750885","COMPLETE_UPPER_BOUND_SEARCH","","",""
"table6_row026","table6","300","300","6","6","147","147","13","13","13","13","15","15","13","13","false","false","MATCHED_UPPER_BOUND_NOT_EXACT","MATCHED_UPPER_BOUND_NOT_EXACT","6","6.0","6","6","6.0","6","4","4.0","4","4","4.0","4","true","true","true","","true","100000000","1398","64","141.38561010360718","COMPLETE_UPPER_BOUND_SEARCH","","",""
"table6_row027","table6","306","306","6","6","150","150","14","14","14","14","51","14","14","14","false","true","MATCHED_UPPER_BOUND_NOT_EXACT","MATCHED_UPPER_BOUND_NOT_EXACT","6","6.0","6","6","6.0","6","4","4.0","4","4","4.0","4","true","true","true","","true","100000000","1399","64","145.69057202339172","COMPLETE_UPPER_BOUND_SEARCH","","",""
"table6_row028","table6","312","312","6","6","153","153","13","13","13","13","21","22","13","13","false","false","MATCHED_UPPER_BOUND_NOT_EXACT","MATCHED_UPPER_BOUND_NOT_EXACT","6","6.0","6","6","6.0","6","4","4.0","4","4","4.0","4","true","true","true","","true","100000000","1400","64","145.6301941871643","COMPLETE_UPPER_BOUND_SEARCH","","",""
"table6_row029","table6","318","318","6","6","156","156","13","13","13","13","15","15","13","13","false","false","MATCHED_UPPER_BOUND_NOT_EXACT","MATCHED_UPPER_BOUND_NOT_EXACT","6","6.0","6","6","6.0","6","4","4.0","4","4","4.0","4","true","true","true","","true","100000000","1401","64","147.63474988937378","COMPLETE_UPPER_BOUND_SEARCH","","",""
"table6_row030","table6","324","324","6","6","159","159","14","14","14","14","17","38","14","14","false","false","MATCHED_UPPER_BOUND_NOT_EXACT","MATCHED_UPPER_BOUND_NOT_EXACT","6","6.0","6","6","6.0","6","4","4.0","4","4","4.0","4","true","true","true","","true","100000000","1402","64","150.8524100780487","COMPLETE_UPPER_BOUND_SEARCH","","",""
"table6_row031","table6","330","330","6","6","162","162","14","14","14","14","44","15","14","14","false","false","MATCHED_UPPER_BOUND_NOT_EXACT","MATCHED_UPPER_BOUND_NOT_EXACT","6","6.0","6","6","6.0","6","4","4.0","4","4","4.0","4","true","true","true","","true","100000000","1403","64","164.5404760837555","COMPLETE_UPPER_BOUND_SEARCH","","",""
"table6_row032","table6","336","336","6","6","165","165","14","14","6","6","23","23","6","6","false","false","SMALLER_UPPER_BOUND_FOUND","SMALLER_UPPER_BOUND_FOUND","6","6.0","6","6","6.0","6","4","4.0","4","4","4.0","4","true","true","true","","true","100000000","1404","64","160.0064971446991","COMPLETE_UPPER_BOUND_SEARCH","REPORTED_DX_TOO_HIGH;REPORTED_DZ_TOO_HIGH","",""
"table6_row033","table6","342","342","6","6","168","168","14","14","14","14","17","17","14","14","false","false","MATCHED_UPPER_BOUND_NOT_EXACT","MATCHED_UPPER_BOUND_NOT_EXACT","6","6.0","6","6","6.0","6","4","4.0","4","4","4.0","4","true","true","true","","true","100000000","1405","64","157.02524304389954","COMPLETE_UPPER_BOUND_SEARCH","","",""
"table6_row034","table6","348","348","6","6","171","171","15","15","15","15","29","57","15","15","false","false","MATCHED_UPPER_BOUND_NOT_EXACT","MATCHED_UPPER_BOUND_NOT_EXACT","6","6.0","6","6","6.0","6","4","4.0","4","4","4.0","4","true","true","true","","true","100000000","1406","64","158.2857151031494","COMPLETE_UPPER_BOUND_SEARCH","","",""
"table6_row035","table6","354","354","6","6","174","174","15","15","15","15","31","31","15","15","false","false","MATCHED_UPPER_BOUND_NOT_EXACT","MATCHED_UPPER_BOUND_NOT_EXACT","6","6.0","6","6","6.0","6","4","4.0","4","4","4.0","4","true","true","true","","true","100000000","1407","64","162.20516991615295","COMPLETE_UPPER_BOUND_SEARCH","","",""
"table6_row036","table6","360","360","6","6","177","177","15","15","15","15","15","36","15","15","true","false","MATCHED_UPPER_BOUND_NOT_EXACT","MATCHED_UPPER_BOUND_NOT_EXACT","6","6.0","6","6","6.0","6","4","4.0","4","4","4.0","4","true","true","true","","true","100000000","1408","64","162.9019091129303","COMPLETE_UPPER_BOUND_SEARCH","","",""
"table6_row037","table6","366","366","6","6","180","180","15","15","15","15","21","21","15","15","false","false","MATCHED_UPPER_BOUND_NOT_EXACT","MATCHED_UPPER_BOUND_NOT_EXACT","6","6.0","6","6","6.0","6","4","4.0","4","4","4.0","4","true","true","true","","true","100000000","1409","64","164.2870740890503","COMPLETE_UPPER_BOUND_SEARCH","","",""
"table6_row038","table6","372","372","6","6","183","183","16","16","16","16","16","16","16","16","true","true","MATCHED_UPPER_BOUND_NOT_EXACT","MATCHED_UPPER_BOUND_NOT_EXACT","6","6.0","6","6","6.0","6","4","4.0","4","4","4.0","4","true","true","true","","true","100000000","1410","64","166.14313387870789","COMPLETE_UPPER_BOUND_SEARCH","","",""
"table6_row039","table6","378","378","6","6","186","186","17","17","17","17","18","35","17","17","false","false","MATCHED_UPPER_BOUND_NOT_EXACT","MATCHED_UPPER_BOUND_NOT_EXACT","6","6.0","6","6","6.0","6","4","4.0","4","4","4.0","4","true","true","true","","true","100000000","1411","64","175.59133291244507","COMPLETE_UPPER_BOUND_SEARCH","","",""
"table6_row040","table6","384","384","6","6","189","189","17","17","6","6","38","45","6","6","false","false","SMALLER_UPPER_BOUND_FOUND","SMALLER_UPPER_BOUND_FOUND","6","6.0","6","6","6.0","6","4","4.0","4","4","4.0","4","true","true","true","","true","100000000","1412","64","166.96346592903137","COMPLETE_UPPER_BOUND_SEARCH","REPORTED_DX_TOO_HIGH;REPORTED_DZ_TOO_HIGH","",""
"table6_row041","table6","390","390","6","6","192","192","15","15","15","15","35","54","15","15","false","false","MATCHED_UPPER_BOUND_NOT_EXACT","MATCHED_UPPER_BOUND_NOT_EXACT","6","6.0","6","6","6.0","6","4","4.0","4","4","4.0","4","true","true","true","","true","100000000","1413","64","170.36652302742004","COMPLETE_UPPER_BOUND_SEARCH","","",""
"table6_row042","table6","396","396","6","6","195","195","15","15","15","15","30","23","15","15","false","false","MATCHED_UPPER_BOUND_NOT_EXACT","MATCHED_UPPER_BOUND_NOT_EXACT","6","6.0","6","6","6.0","6","4","4.0","4","4","4.0","4","true","true","true","","true","100000000","1414","64","172.4958028793335","COMPLETE_UPPER_BOUND_SEARCH","","",""
"table6_row043","table6","402","402","6","6","198","198","16","16","16","16","28","28","16","16","false","false","MATCHED_UPPER_BOUND_NOT_EXACT","MATCHED_UPPER_BOUND_NOT_EXACT","6","6.0","6","6","6.0","6","4","4.0","4","4","4.0","4","true","true","true","","true","100000000","1415","64","174.7735779285431","COMPLETE_UPPER_BOUND_SEARCH","","",""
"table6_row044","table6","408","408","6","6","201","201","15","15","15","15","16","29","15","15","false","false","MATCHED_UPPER_BOUND_NOT_EXACT","MATCHED_UPPER_BOUND_NOT_EXACT","6","6.0","6","6","6.0","6","4","4.0","4","4","4.0","4","true","true","true","","true","100000000","1416","64","176.2249400615692","COMPLETE_UPPER_BOUND_SEARCH","","",""
"table6_row045","table6","414","414","6","6","204","204","16","16","17","16","58","51","17","16","false","false","SEARCH_DID_NOT_REPRODUCE_CLAIM","MATCHED_UPPER_BOUND_NOT_EXACT","6","6.0","6","6","6.0","6","4","4.0","4","4","4.0","4","true","true","true","","true","100000000","1417","64","177.2395589351654","COMPLETE_UPPER_BOUND_SEARCH","","",""
"table6_row046","table6","420","420","6","6","207","207","15","15","15","15","20","65","15","15","false","false","MATCHED_UPPER_BOUND_NOT_EXACT","MATCHED_UPPER_BOUND_NOT_EXACT","6","6.0","6","6","6.0","6","4","4.0","4","4","4.0","4","true","true","true","","true","100000000","1418","64","178.588947057724","COMPLETE_UPPER_BOUND_SEARCH","","",""
"table6_row047","table6","426","426","6","6","210","210","17","17","17","17","59","55","17","17","false","false","MATCHED_UPPER_BOUND_NOT_EXACT","MATCHED_UPPER_BOUND_NOT_EXACT","6","6.0","6","6","6.0","6","4","4.0","4","4","4.0","4","true","true","true","","true","100000000","1419","64","191.18480801582336","COMPLETE_UPPER_BOUND_SEARCH","","",""
"table6_row048","table6","432","432","6","6","213","213","16","16","16","16","18","56","16","16","false","false","MATCHED_UPPER_BOUND_NOT_EXACT","MATCHED_UPPER_BOUND_NOT_EXACT","6","6.0","6","6","6.0","6","4","4.0","4","4","4.0","4","true","true","true","","true","100000000","1420","64","180.52885389328003","COMPLETE_UPPER_BOUND_SEARCH","","",""
"table6_row049","table6","438","438","6","6","216","216","17","17","17","17","49","51","17","17","false","false","MATCHED_UPPER_BOUND_NOT_EXACT","MATCHED_UPPER_BOUND_NOT_EXACT","6","6.0","6","6","6.0","6","4","4.0","4","4","4.0","4","true","true","true","","true","100000000","1421","64","182.77016282081604","COMPLETE_UPPER_BOUND_SEARCH","","",""
"table6_row050","table6","444","444","6","6","219","219","17","17","17","17","42","49","17","17","false","false","MATCHED_UPPER_BOUND_NOT_EXACT","MATCHED_UPPER_BOUND_NOT_EXACT","6","6.0","6","6","6.0","6","4","4.0","4","4","4.0","4","true","true","true","","true","100000000","1422","64","184.25426983833313","COMPLETE_UPPER_BOUND_SEARCH","","",""
"table6_row051","table6","450","450","6","6","222","222","16","16","16","16","50","37","16","16","false","false","MATCHED_UPPER_BOUND_NOT_EXACT","MATCHED_UPPER_BOUND_NOT_EXACT","6","6.0","6","6","6.0","6","4","4.0","4","4","4.0","4","true","true","true","","true","100000000","1423","64","196.3557529449463","COMPLETE_UPPER_BOUND_SEARCH","","",""
"table6_row052","table6","456","456","6","6","225","225","16","16","16","16","38","42","16","16","false","false","MATCHED_UPPER_BOUND_NOT_EXACT","MATCHED_UPPER_BOUND_NOT_EXACT","6","6.0","6","6","6.0","6","4","4.0","4","4","4.0","4","true","true","true","","true","100000000","1424","64","195.79164290428162","COMPLETE_UPPER_BOUND_SEARCH","","",""
"table6_row053","table6","462","462","6","6","228","228","17","17","17","17","35","35","17","17","false","false","MATCHED_UPPER_BOUND_NOT_EXACT","MATCHED_UPPER_BOUND_NOT_EXACT","6","6.0","6","6","6.0","6","4","4.0","4","4","4.0","4","true","true","true","","true","100000000","1425","64","197.14207291603088","COMPLETE_UPPER_BOUND_SEARCH","","",""
"table6_row054","table6","468","468","6","6","231","231","17","17","17","17","18","48","17","17","false","false","MATCHED_UPPER_BOUND_NOT_EXACT","MATCHED_UPPER_BOUND_NOT_EXACT","6","6.0","6","6","6.0","6","4","4.0","4","4","4.0","4","true","true","true","","true","100000000","1426","64","201.577152967453","COMPLETE_UPPER_BOUND_SEARCH","","",""
"table6_row055","table6","474","474","6","6","234","234","17","17","17","17","32","22","17","17","false","false","MATCHED_UPPER_BOUND_NOT_EXACT","MATCHED_UPPER_BOUND_NOT_EXACT","6","6.0","6","6","6.0","6","4","4.0","4","4","4.0","4","true","true","true","","true","100000000","1427","64","212.05162692070007","COMPLETE_UPPER_BOUND_SEARCH","","",""
"table6_row056","table6","480","480","6","6","237","237","16","16","16","16","21","27","16","16","false","false","MATCHED_UPPER_BOUND_NOT_EXACT","MATCHED_UPPER_BOUND_NOT_EXACT","6","6.0","6","6","6.0","6","4","4.0","4","4","4.0","4","true","true","true","","true","100000000","1428","64","200.0958800315857","COMPLETE_UPPER_BOUND_SEARCH","","",""
"table6_row057","table6","486","486","6","6","240","240","17","17","17","17","18","26","17","17","false","false","MATCHED_UPPER_BOUND_NOT_EXACT","MATCHED_UPPER_BOUND_NOT_EXACT","6","6.0","6","6","6.0","6","4","4.0","4","4","4.0","4","true","true","true","","true","100000000","1429","64","201.7375030517578","COMPLETE_UPPER_BOUND_SEARCH","","",""
"table6_row058","table6","492","492","6","6","243","243","16","16","16","16","26","26","16","16","false","false","MATCHED_UPPER_BOUND_NOT_EXACT","MATCHED_UPPER_BOUND_NOT_EXACT","6","6.0","6","6","6.0","6","4","4.0","4","4","4.0","4","true","true","true","","true","100000000","1430","64","204.91228604316711","COMPLETE_UPPER_BOUND_SEARCH","","",""
"table6_row059","table6","498","498","6","6","246","246","18","18","18","18","43","33","18","18","false","false","MATCHED_UPPER_BOUND_NOT_EXACT","MATCHED_UPPER_BOUND_NOT_EXACT","6","6.0","6","6","6.0","6","4","4.0","4","4","4.0","4","true","true","true","","true","100000000","1431","64","208.73201394081116","COMPLETE_UPPER_BOUND_SEARCH","","",""
"table6_row060","table6","504","504","6","6","249","249","18","18","18","18","37","37","18","18","false","false","MATCHED_UPPER_BOUND_NOT_EXACT","MATCHED_UPPER_BOUND_NOT_EXACT","6","6.0","6","6","6.0","6","4","4.0","4","4","4.0","4","true","true","true","","true","100000000","1432","64","208.68032503128052","COMPLETE_UPPER_BOUND_SEARCH","","",""
"table6_row061","table6","510","510","6","6","252","252","17","17","17","17","28","28","17","17","false","false","MATCHED_UPPER_BOUND_NOT_EXACT","MATCHED_UPPER_BOUND_NOT_EXACT","6","6.0","6","6","6.0","6","4","4.0","4","4","4.0","4","true","true","true","","true","100000000","1433","64","210.1606559753418","COMPLETE_UPPER_BOUND_SEARCH","","",""
"table6_row062","table6","516","516","6","6","255","255","20","20","18","18","47","47","18","18","false","false","SMALLER_UPPER_BOUND_FOUND","SMALLER_UPPER_BOUND_FOUND","6","6.0","6","6","6.0","6","4","4.0","4","4","4.0","4","true","true","true","","true","100000000","1434","64","205.35627913475037","COMPLETE_UPPER_BOUND_SEARCH","REPORTED_DX_TOO_HIGH;REPORTED_DZ_TOO_HIGH","",""
"table6_row063","table6","522","522","6","6","258","258","20","20","20","20","30","30","20","20","false","false","MATCHED_UPPER_BOUND_NOT_EXACT","MATCHED_UPPER_BOUND_NOT_EXACT","6","6.0","6","6","6.0","6","4","4.0","4","4","4.0","4","true","true","true","","true","100000000","1435","64","220.60521602630615","COMPLETE_UPPER_BOUND_SEARCH","","",""
"table7_row001","table7","60","60","10","10","20","30","6","3","6","3","6","4","6","3","true","false","MATCHED_UPPER_BOUND_NOT_EXACT","MATCHED_UPPER_BOUND_NOT_EXACT","8","8.0","8","6","6.0","6","4","4.0","4","6","6.0","6","true","true","true","","true","100000000","1436","64","26.88808798789978","COMPLETE_UPPER_BOUND_SEARCH","","",""
"table7_row002","table7","70","70","10","10","24","36","6","4","6","4","7","4","6","4","false","true","MATCHED_UPPER_BOUND_NOT_EXACT","MATCHED_UPPER_BOUND_NOT_EXACT","8","8.0","8","6","6.0","6","4","4.0","4","6","6.0","6","true","true","true","","true","100000000","1437","64","33.65639901161194","COMPLETE_UPPER_BOUND_SEARCH","","",""
"table7_row003","table7","80","80","10","10","28","42","6","4","6","4","7","4","6","4","false","true","MATCHED_UPPER_BOUND_NOT_EXACT","MATCHED_UPPER_BOUND_NOT_EXACT","8","8.0","8","6","6.0","6","4","4.0","4","6","6.0","6","true","true","true","","true","100000000","1438","64","40.684969902038574","COMPLETE_UPPER_BOUND_SEARCH","","",""
"table7_row004","table7","80","80","10","10","28","42","7","4","7","4","8","5","7","4","false","false","MATCHED_UPPER_BOUND_NOT_EXACT","MATCHED_UPPER_BOUND_NOT_EXACT","8","8.0","8","6","6.0","6","4","4.0","4","6","6.0","6","true","true","true","","true","100000000","1439","64","40.37767195701599","COMPLETE_UPPER_BOUND_SEARCH","","",""
"table7_row005","table7","90","90","10","10","32","48","6","4","6","4","9","4","6","4","false","true","MATCHED_UPPER_BOUND_NOT_EXACT","MATCHED_UPPER_BOUND_NOT_EXACT","8","8.0","8","6","6.0","6","4","4.0","4","6","6.0","6","true","true","true","","true","100000000","1440","64","48.008389949798584","COMPLETE_UPPER_BOUND_SEARCH","","",""
"table7_row006","table7","90","90","10","10","32","48","7","4","7","4","7","4","7","4","true","true","MATCHED_UPPER_BOUND_NOT_EXACT","MATCHED_UPPER_BOUND_NOT_EXACT","8","8.0","8","6","6.0","6","4","4.0","4","6","6.0","6","true","true","true","","true","100000000","1441","64","47.459280014038086","COMPLETE_UPPER_BOUND_SEARCH","","",""
"table7_row007","table7","100","100","10","10","36","54","8","4","8","4","10","9","8","4","false","false","MATCHED_UPPER_BOUND_NOT_EXACT","MATCHED_UPPER_BOUND_NOT_EXACT","8","8.0","8","6","6.0","6","4","4.0","4","6","6.0","6","true","true","true","","true","100000000","1442","64","56.597891092300415","COMPLETE_UPPER_BOUND_SEARCH","","",""
"table7_row008","table7","110","110","10","10","40","60","10","6","10","6","11","8","10","6","false","false","MATCHED_UPPER_BOUND_NOT_EXACT","MATCHED_UPPER_BOUND_NOT_EXACT","8","8.0","8","6","6.0","6","4","4.0","4","6","6.0","6","true","true","true","","true","100000000","1443","64","61.44531011581421","COMPLETE_UPPER_BOUND_SEARCH","","",""
"table7_row009","table7","120","120","10","10","44","66","9","6","9","6","12","10","9","6","false","false","MATCHED_UPPER_BOUND_NOT_EXACT","MATCHED_UPPER_BOUND_NOT_EXACT","8","8.0","8","6","6.0","6","4","4.0","4","6","6.0","6","true","true","true","","true","100000000","1444","64","68.04451203346252","COMPLETE_UPPER_BOUND_SEARCH","","",""
"table7_row010","table7","130","130","10","10","48","72","10","6","10","6","13","9","10","6","false","false","MATCHED_UPPER_BOUND_NOT_EXACT","MATCHED_UPPER_BOUND_NOT_EXACT","8","8.0","8","6","6.0","6","4","4.0","4","6","6.0","6","true","true","true","","true","100000000","1445","64","73.95647096633911","COMPLETE_UPPER_BOUND_SEARCH","","",""
"table7_row011","table7","140","140","10","10","52","78","10","6","10","6","14","10","10","6","false","false","MATCHED_UPPER_BOUND_NOT_EXACT","MATCHED_UPPER_BOUND_NOT_EXACT","8","8.0","8","6","6.0","6","4","4.0","4","6","6.0","6","true","true","true","","true","100000000","1446","64","82.76991701126099","COMPLETE_UPPER_BOUND_SEARCH","","",""
"table7_row012","table7","150","150","10","10","56","84","10","6","10","6","15","7","10","6","false","false","MATCHED_UPPER_BOUND_NOT_EXACT","MATCHED_UPPER_BOUND_NOT_EXACT","8","8.0","8","6","6.0","6","4","4.0","4","6","6.0","6","true","true","true","","true","100000000","1447","64","85.66055488586426","COMPLETE_UPPER_BOUND_SEARCH","","",""
"table7_row013","table7","150","150","10","10","56","84","12","6","12","6","15","13","12","6","false","false","MATCHED_UPPER_BOUND_NOT_EXACT","MATCHED_UPPER_BOUND_NOT_EXACT","8","8.0","8","6","6.0","6","4","4.0","4","6","6.0","6","true","true","true","","true","100000000","1448","64","85.33524799346924","COMPLETE_UPPER_BOUND_SEARCH","","",""
"table7_row014","table7","160","160","10","10","60","90","10","6","10","6","14","7","10","6","false","false","MATCHED_UPPER_BOUND_NOT_EXACT","MATCHED_UPPER_BOUND_NOT_EXACT","8","8.0","8","6","6.0","6","4","4.0","4","6","6.0","6","true","true","true","","true","100000000","1449","64","89.53694486618042","COMPLETE_UPPER_BOUND_SEARCH","","",""
"table7_row015","table7","160","160","10","10","60","90","11","6","11","6","12","14","11","6","false","false","MATCHED_UPPER_BOUND_NOT_EXACT","MATCHED_UPPER_BOUND_NOT_EXACT","8","8.0","8","6","6.0","6","4","4.0","4","6","6.0","6","true","true","true","","true","100000000","1450","64","89.37419390678406","COMPLETE_UPPER_BOUND_SEARCH","","",""
"table7_row016","table7","170","170","10","10","64","96","10","5","10","5","17","8","10","5","false","false","MATCHED_UPPER_BOUND_NOT_EXACT","MATCHED_UPPER_BOUND_NOT_EXACT","8","8.0","8","6","6.0","6","4","4.0","4","6","6.0","6","true","true","true","","true","100000000","1451","64","94.32610201835632","COMPLETE_UPPER_BOUND_SEARCH","","",""
"table7_row017","table7","170","170","10","10","64","96","12","6","12","6","17","9","12","6","false","false","MATCHED_UPPER_BOUND_NOT_EXACT","MATCHED_UPPER_BOUND_NOT_EXACT","8","8.0","8","6","6.0","6","4","4.0","4","6","6.0","6","true","true","true","","true","100000000","1452","64","93.3212559223175","COMPLETE_UPPER_BOUND_SEARCH","","",""
"table7_row018","table7","180","180","10","10","68","102","12","7","12","7","18","13","12","7","false","false","MATCHED_UPPER_BOUND_NOT_EXACT","MATCHED_UPPER_BOUND_NOT_EXACT","8","8.0","8","6","6.0","6","4","4.0","4","6","6.0","6","true","true","true","","true","100000000","1453","64","100.56094598770142","COMPLETE_UPPER_BOUND_SEARCH","","",""
"table7_row019","table7","180","180","10","10","68","102","12","7","12","7","18","13","12","7","false","false","MATCHED_UPPER_BOUND_NOT_EXACT","MATCHED_UPPER_BOUND_NOT_EXACT","8","8.0","8","6","6.0","6","4","4.0","4","6","6.0","6","true","true","true","","true","100000000","1454","64","99.8599259853363","COMPLETE_UPPER_BOUND_SEARCH","DUPLICATE_INPUT","table7_row018",""
"table7_row020","table7","190","190","10","10","72","108","12","7","12","7","19","12","12","7","false","false","MATCHED_UPPER_BOUND_NOT_EXACT","MATCHED_UPPER_BOUND_NOT_EXACT","8","8.0","8","6","6.0","6","4","4.0","4","6","6.0","6","true","true","true","","true","100000000","1455","64","101.36071991920471","COMPLETE_UPPER_BOUND_SEARCH","","",""
"table7_row021","table7","190","190","10","10","72","108","13","7","13","7","19","14","13","7","false","false","MATCHED_UPPER_BOUND_NOT_EXACT","MATCHED_UPPER_BOUND_NOT_EXACT","8","8.0","8","6","6.0","6","4","4.0","4","6","6.0","6","true","true","true","","true","100000000","1456","64","100.62033200263977","COMPLETE_UPPER_BOUND_SEARCH","","",""
"table7_row022","table7","200","200","10","10","76","114","12","7","12","7","14","13","12","7","false","false","MATCHED_UPPER_BOUND_NOT_EXACT","MATCHED_UPPER_BOUND_NOT_EXACT","8","8.0","8","6","6.0","6","4","4.0","4","6","6.0","6","true","true","true","","true","100000000","1457","64","110.83230805397034","COMPLETE_UPPER_BOUND_SEARCH","","",""
"table7_row023","table7","200","200","10","10","76","114","13","6","13","6","18","9","13","6","false","false","MATCHED_UPPER_BOUND_NOT_EXACT","MATCHED_UPPER_BOUND_NOT_EXACT","8","8.0","8","6","6.0","6","4","4.0","4","6","6.0","6","true","true","true","","true","100000000","1458","64","109.6564769744873","COMPLETE_UPPER_BOUND_SEARCH","","",""
"table7_row024","table7","210","210","10","10","80","120","13","6","13","6","21","15","13","6","false","false","MATCHED_UPPER_BOUND_NOT_EXACT","MATCHED_UPPER_BOUND_NOT_EXACT","8","8.0","8","6","6.0","6","4","4.0","4","6","6.0","6","true","true","true","","true","100000000","1459","64","113.44604301452637","COMPLETE_UPPER_BOUND_SEARCH","","",""
"table7_row025","table7","210","210","10","10","80","120","14","7","14","7","14","9","14","7","true","false","MATCHED_UPPER_BOUND_NOT_EXACT","MATCHED_UPPER_BOUND_NOT_EXACT","8","8.0","8","6","6.0","6","4","4.0","4","6","6.0","6","true","true","true","","true","100000000","1460","64","112.99949288368225","COMPLETE_UPPER_BOUND_SEARCH","","",""
"table7_row026","table7","220","220","10","10","84","126","13","6","13","6","19","11","13","6","false","false","MATCHED_UPPER_BOUND_NOT_EXACT","MATCHED_UPPER_BOUND_NOT_EXACT","8","8.0","8","6","6.0","6","4","4.0","4","6","6.0","6","true","true","true","","true","100000000","1461","64","120.57094287872314","COMPLETE_UPPER_BOUND_SEARCH","","",""
"table7_row027","table7","220","220","10","10","84","126","14","7","14","7","22","12","14","7","false","false","MATCHED_UPPER_BOUND_NOT_EXACT","MATCHED_UPPER_BOUND_NOT_EXACT","8","8.0","8","6","6.0","6","4","4.0","4","6","6.0","6","true","true","true","","true","100000000","1462","64","119.79837703704834","COMPLETE_UPPER_BOUND_SEARCH","","",""
"table7_row028","table7","230","230","10","10","88","132","13","7","13","7","13","8","13","7","true","false","MATCHED_UPPER_BOUND_NOT_EXACT","MATCHED_UPPER_BOUND_NOT_EXACT","8","8.0","8","6","6.0","6","4","4.0","4","6","6.0","6","true","true","true","","true","100000000","1463","64","120.42744493484497","COMPLETE_UPPER_BOUND_SEARCH","","",""
"table7_row029","table7","230","230","10","10","88","132","14","6","14","6","18","13","14","6","false","false","MATCHED_UPPER_BOUND_NOT_EXACT","MATCHED_UPPER_BOUND_NOT_EXACT","8","8.0","8","6","6.0","6","4","4.0","4","6","6.0","6","true","true","true","","true","100000000","1464","64","119.67432403564453","COMPLETE_UPPER_BOUND_SEARCH","","",""
"table7_row030","table7","240","240","10","10","92","138","13","7","13","7","24","12","13","7","false","false","MATCHED_UPPER_BOUND_NOT_EXACT","MATCHED_UPPER_BOUND_NOT_EXACT","8","8.0","8","6","6.0","6","4","4.0","4","6","6.0","6","true","true","true","","true","100000000","1465","64","123.52799105644226","COMPLETE_UPPER_BOUND_SEARCH","","",""
"table7_row031","table7","240","240","10","10","92","138","14","7","14","7","21","11","14","7","false","false","MATCHED_UPPER_BOUND_NOT_EXACT","MATCHED_UPPER_BOUND_NOT_EXACT","8","8.0","8","6","6.0","6","4","4.0","4","6","6.0","6","true","true","true","","true","100000000","1466","64","123.2838659286499","COMPLETE_UPPER_BOUND_SEARCH","","",""
"table7_row032","table7","250","250","10","10","96","144","13","7","13","7","25","11","13","7","false","false","MATCHED_UPPER_BOUND_NOT_EXACT","MATCHED_UPPER_BOUND_NOT_EXACT","8","8.0","8","6","6.0","6","4","4.0","4","6","6.0","6","true","true","true","","true","100000000","1467","64","127.01066017150879","COMPLETE_UPPER_BOUND_SEARCH","","",""
"table7_row033","table7","250","250","10","10","96","144","14","7","14","7","25","16","14","7","false","false","MATCHED_UPPER_BOUND_NOT_EXACT","MATCHED_UPPER_BOUND_NOT_EXACT","8","8.0","8","6","6.0","6","4","4.0","4","6","6.0","6","true","true","true","","true","100000000","1468","64","126.1994240283966","COMPLETE_UPPER_BOUND_SEARCH","","",""
"table7_row034","table7","250","250","10","10","96","144","15","8","15","8","16","9","15","8","false","false","MATCHED_UPPER_BOUND_NOT_EXACT","MATCHED_UPPER_BOUND_NOT_EXACT","8","8.0","8","6","6.0","6","4","4.0","4","6","6.0","6","true","true","true","","true","100000000","1469","64","126.23973298072815","COMPLETE_UPPER_BOUND_SEARCH","","",""
"table7_row035","table7","250","250","10","10","96","144","16","8","16","8","25","19","16","8","false","false","MATCHED_UPPER_BOUND_NOT_EXACT","MATCHED_UPPER_BOUND_NOT_EXACT","8","8.0","8","6","6.0","6","4","4.0","4","6","6.0","6","true","true","true","","true","100000000","1470","64","126.41816520690918","COMPLETE_UPPER_BOUND_SEARCH","","",""
"table7_row036","table7","260","260","10","10","100","150","13","7","13","7","13","10","13","7","true","false","MATCHED_UPPER_BOUND_NOT_EXACT","MATCHED_UPPER_BOUND_NOT_EXACT","8","8.0","8","6","6.0","6","4","4.0","4","6","6.0","6","true","true","true","","true","100000000","1471","64","135.44025492668152","COMPLETE_UPPER_BOUND_SEARCH","","",""
"table7_row037","table7","260","260","10","10","100","150","14","7","14","7","26","20","14","7","false","false","MATCHED_UPPER_BOUND_NOT_EXACT","MATCHED_UPPER_BOUND_NOT_EXACT","8","8.0","8","6","6.0","6","4","4.0","4","6","6.0","6","true","true","true","","true","100000000","1472","64","134.8353910446167","COMPLETE_UPPER_BOUND_SEARCH","","",""
"table7_row038","table7","260","260","10","10","100","150","15","8","15","8","26","9","15","8","false","false","MATCHED_UPPER_BOUND_NOT_EXACT","MATCHED_UPPER_BOUND_NOT_EXACT","8","8.0","8","6","6.0","6","4","4.0","4","6","6.0","6","true","true","true","","true","100000000","1473","64","135.04128789901733","COMPLETE_UPPER_BOUND_SEARCH","","",""
"table7_row039","table7","270","270","10","10","104","156","13","7","13","7","25","9","13","7","false","false","MATCHED_UPPER_BOUND_NOT_EXACT","MATCHED_UPPER_BOUND_NOT_EXACT","8","8.0","8","6","6.0","6","4","4.0","4","6","6.0","6","true","true","true","","true","100000000","1474","64","134.27639293670654","COMPLETE_UPPER_BOUND_SEARCH","","",""
"table7_row040","table7","270","270","10","10","104","156","15","6","15","6","27","14","15","6","false","false","MATCHED_UPPER_BOUND_NOT_EXACT","MATCHED_UPPER_BOUND_NOT_EXACT","8","8.0","8","6","6.0","6","4","4.0","4","6","6.0","6","true","true","true","","true","100000000","1475","64","133.40198493003845","COMPLETE_UPPER_BOUND_SEARCH","","",""
"table7_row041","table7","270","270","10","10","104","156","16","7","16","7","27","11","16","7","false","false","MATCHED_UPPER_BOUND_NOT_EXACT","MATCHED_UPPER_BOUND_NOT_EXACT","8","8.0","8","6","6.0","6","4","4.0","4","6","6.0","6","true","true","true","","true","100000000","1476","64","133.46872687339783","COMPLETE_UPPER_BOUND_SEARCH","","",""
"table7_row042","table7","280","280","10","10","108","162","14","7","10","6","28","13","10","6","false","false","SMALLER_UPPER_BOUND_FOUND","SMALLER_UPPER_BOUND_FOUND","8","8.0","8","6","6.0","6","4","4.0","4","6","6.0","6","true","true","true","","true","100000000","1477","64","138.6500449180603","COMPLETE_UPPER_BOUND_SEARCH","REPORTED_DX_TOO_HIGH;REPORTED_DZ_TOO_HIGH","",""
"table7_row043","table7","280","280","10","10","108","162","15","7","15","7","23","19","15","7","false","false","MATCHED_UPPER_BOUND_NOT_EXACT","MATCHED_UPPER_BOUND_NOT_EXACT","8","8.0","8","6","6.0","6","4","4.0","4","6","6.0","6","true","true","true","","true","100000000","1478","64","136.93263697624207","COMPLETE_UPPER_BOUND_SEARCH","","",""
"table7_row044","table7","290","290","10","10","112","168","15","8","15","8","29","9","15","8","false","false","MATCHED_UPPER_BOUND_NOT_EXACT","MATCHED_UPPER_BOUND_NOT_EXACT","8","8.0","8","6","6.0","6","4","4.0","4","6","6.0","6","true","true","true","","true","100000000","1479","64","141.06109809875488","COMPLETE_UPPER_BOUND_SEARCH","","",""
"table7_row045","table7","300","300","10","10","116","174","15","9","15","9","15","12","15","9","true","false","MATCHED_UPPER_BOUND_NOT_EXACT","MATCHED_UPPER_BOUND_NOT_EXACT","8","8.0","8","6","6.0","6","4","4.0","4","6","6.0","6","true","true","true","","true","100000000","1480","64","147.94769716262817","COMPLETE_UPPER_BOUND_SEARCH","","",""
"table7_row046","table7","310","310","10","10","120","180","15","8","15","8","31","15","15","8","false","false","MATCHED_UPPER_BOUND_NOT_EXACT","MATCHED_UPPER_BOUND_NOT_EXACT","8","8.0","8","6","6.0","6","4","4.0","4","6","6.0","6","true","true","true","","true","100000000","1481","64","147.21478581428528","COMPLETE_UPPER_BOUND_SEARCH","","",""
"table7_row047","table7","320","320","10","10","124","186","16","9","8","6","30","13","8","6","false","false","SMALLER_UPPER_BOUND_FOUND","SMALLER_UPPER_BOUND_FOUND","8","8.0","8","6","6.0","6","4","4.0","4","6","6.0","6","true","true","true","","true","100000000","1482","64","148.20638704299927","COMPLETE_UPPER_BOUND_SEARCH","REPORTED_DX_TOO_HIGH;REPORTED_DZ_TOO_HIGH","",""
"table7_row048","table7","330","330","10","10","128","192","18","9","18","9","25","18","18","9","false","false","MATCHED_UPPER_BOUND_NOT_EXACT","MATCHED_UPPER_BOUND_NOT_EXACT","8","8.0","8","6","6.0","6","4","4.0","4","6","6.0","6","true","true","true","","true","100000000","1483","64","155.43266987800598","COMPLETE_UPPER_BOUND_SEARCH","","",""
"table7_row049","table7","340","340","10","10","132","198","20","9","20","9","34","17","20","9","false","false","MATCHED_UPPER_BOUND_NOT_EXACT","MATCHED_UPPER_BOUND_NOT_EXACT","8","8.0","8","6","6.0","6","4","4.0","4","6","6.0","6","true","true","true","","true","100000000","1484","64","162.41619491577148","COMPLETE_UPPER_BOUND_SEARCH","","",""
"table7_row050","table7","350","350","10","10","136","204","18","9","18","9","18","9","18","9","true","true","MATCHED_UPPER_BOUND_NOT_EXACT","MATCHED_UPPER_BOUND_NOT_EXACT","8","8.0","8","6","6.0","6","4","4.0","4","6","6.0","6","true","true","true","","true","100000000","1485","64","161.8846480846405","COMPLETE_UPPER_BOUND_SEARCH","","",""
"table7_row051","table7","360","360","10","10","140","210","20","8","20","8","26","13","20","8","false","false","MATCHED_UPPER_BOUND_NOT_EXACT","MATCHED_UPPER_BOUND_NOT_EXACT","8","8.0","8","6","6.0","6","4","4.0","4","6","6.0","6","true","true","true","","true","100000000","1486","64","165.15401792526245","COMPLETE_UPPER_BOUND_SEARCH","","",""
"table7_row052","table7","370","370","10","10","144","216","20","9","16","8","28","12","16","8","false","false","SMALLER_UPPER_BOUND_FOUND","SMALLER_UPPER_BOUND_FOUND","8","8.0","8","6","6.0","6","4","4.0","4","6","6.0","6","true","true","true","","true","100000000","1487","64","167.77125191688538","COMPLETE_UPPER_BOUND_SEARCH","REPORTED_DX_TOO_HIGH;REPORTED_DZ_TOO_HIGH","",""
"table7_row053","table7","380","380","10","10","148","222","20","8","20","8","34","16","20","8","false","false","MATCHED_UPPER_BOUND_NOT_EXACT","MATCHED_UPPER_BOUND_NOT_EXACT","8","8.0","8","6","6.0","6","4","4.0","4","6","6.0","6","true","true","true","","true","100000000","1488","64","174.20623111724854","COMPLETE_UPPER_BOUND_SEARCH","","",""
"table7_row054","table7","390","390","10","10","152","228","21","9","21","9","39","18","21","9","false","false","MATCHED_UPPER_BOUND_NOT_EXACT","MATCHED_UPPER_BOUND_NOT_EXACT","8","8.0","8","6","6.0","6","4","4.0","4","6","6.0","6","true","true","true","","true","100000000","1489","64","172.78451681137085","COMPLETE_UPPER_BOUND_SEARCH","","",""
"table7_row055","table7","400","400","10","10","156","234","21","9","21","9","40","30","21","9","false","false","MATCHED_UPPER_BOUND_NOT_EXACT","MATCHED_UPPER_BOUND_NOT_EXACT","8","8.0","8","6","6.0","6","4","4.0","4","6","6.0","6","true","true","true","","true","100000000","1490","64","174.14287090301514","COMPLETE_UPPER_BOUND_SEARCH","","",""
"table7_row056","table7","410","410","10","10","160","240","21","10","23","10","41","26","23","10","false","false","SEARCH_DID_NOT_REPRODUCE_CLAIM","MATCHED_UPPER_BOUND_NOT_EXACT","8","8.0","8","6","6.0","6","4","4.0","4","6","6.0","6","true","true","true","","true","100000000","1491","64","178.71899104118347","COMPLETE_UPPER_BOUND_SEARCH","","",""
"table7_row057","table7","420","420","10","10","164","246","22","9","22","10","40","17","22","10","false","false","MATCHED_UPPER_BOUND_NOT_EXACT","SEARCH_DID_NOT_REPRODUCE_CLAIM","8","8.0","8","6","6.0","6","4","4.0","4","6","6.0","6","true","true","true","","true","100000000","1492","64","180.2845230102539","COMPLETE_UPPER_BOUND_SEARCH","","",""
"table7_row058","table7","430","430","10","10","168","252","22","10","22","10","43","11","22","10","false","false","MATCHED_UPPER_BOUND_NOT_EXACT","MATCHED_UPPER_BOUND_NOT_EXACT","8","8.0","8","6","6.0","6","4","4.0","4","6","6.0","6","true","true","true","","true","100000000","1493","64","184.00998401641846","COMPLETE_UPPER_BOUND_SEARCH","","",""
"table7_row059","table7","440","440","10","10","172","258","22","10","22","10","44","23","22","10","false","false","MATCHED_UPPER_BOUND_NOT_EXACT","MATCHED_UPPER_BOUND_NOT_EXACT","8","8.0","8","6","6.0","6","4","4.0","4","6","6.0","6","true","true","true","","true","100000000","1494","64","185.73334002494812","COMPLETE_UPPER_BOUND_SEARCH","","",""
"table7_row060","table7","450","450","10","10","176","264","24","10","20","9","45","21","20","9","false","false","SMALLER_UPPER_BOUND_FOUND","SMALLER_UPPER_BOUND_FOUND","8","8.0","8","6","6.0","6","4","4.0","4","6","6.0","6","true","true","true","","true","100000000","1495","64","196.14056205749512","COMPLETE_UPPER_BOUND_SEARCH","REPORTED_DX_TOO_HIGH;REPORTED_DZ_TOO_HIGH","",""
"table7_row061","table7","460","460","10","10","180","270","22","10","22","10","40","14","22","10","false","false","MATCHED_UPPER_BOUND_NOT_EXACT","MATCHED_UPPER_BOUND_NOT_EXACT","8","8.0","8","6","6.0","6","4","4.0","4","6","6.0","6","true","true","true","","true","100000000","1496","64","203.672297000885","COMPLETE_UPPER_BOUND_SEARCH","","",""
"table7_row062","table7","470","470","10","10","184","276","21","9","21","9","46","14","21","9","false","false","MATCHED_UPPER_BOUND_NOT_EXACT","MATCHED_UPPER_BOUND_NOT_EXACT","8","8.0","8","6","6.0","6","4","4.0","4","6","6.0","6","true","true","true","","true","100000000","1497","64","201.66072392463684","COMPLETE_UPPER_BOUND_SEARCH","","",""
"table7_row063","table7","480","480","10","10","188","282","24","10","24","10","28","24","24","10","false","false","MATCHED_UPPER_BOUND_NOT_EXACT","MATCHED_UPPER_BOUND_NOT_EXACT","8","8.0","8","6","6.0","6","4","4.0","4","6","6.0","6","true","true","true","","true","100000000","1498","64","205.34828805923462","COMPLETE_UPPER_BOUND_SEARCH","","",""
"table7_row064","table7","490","490","10","10","192","288","24","10","24","10","49","25","24","10","false","false","MATCHED_UPPER_BOUND_NOT_EXACT","MATCHED_UPPER_BOUND_NOT_EXACT","8","8.0","8","6","6.0","6","4","4.0","4","6","6.0","6","true","true","true","","true","100000000","1499","64","209.56513810157776","COMPLETE_UPPER_BOUND_SEARCH","","",""
"table7_row065","table7","500","500","10","10","196","294","23","11","23","12","50","25","23","12","false","false","MATCHED_UPPER_BOUND_NOT_EXACT","SEARCH_DID_NOT_REPRODUCE_CLAIM","8","8.0","8","6","6.0","6","4","4.0","4","6","6.0","6","true","true","true","","true","100000000","1500","64","214.76003408432007","COMPLETE_UPPER_BOUND_SEARCH","","",""
"table7_row066","table7","510","510","10","10","200","300","25","11","25","11","51","21","25","11","false","false","MATCHED_UPPER_BOUND_NOT_EXACT","MATCHED_UPPER_BOUND_NOT_EXACT","8","8.0","8","6","6.0","6","4","4.0","4","6","6.0","6","true","true","true","","true","100000000","1501","64","211.81056380271912","COMPLETE_UPPER_BOUND_SEARCH","","",""
"table7_row067","table7","520","520","10","10","204","306","24","10","24","10","52","29","24","10","false","false","MATCHED_UPPER_BOUND_NOT_EXACT","MATCHED_UPPER_BOUND_NOT_EXACT","8","8.0","8","6","6.0","6","4","4.0","4","6","6.0","6","true","true","true","","true","100000000","1502","64","210.2188160419464","COMPLETE_UPPER_BOUND_SEARCH","","",""
"table7_row068","table7","530","530","10","10","208","312","27","12","13","7","47","25","13","7","false","false","SMALLER_UPPER_BOUND_FOUND","SMALLER_UPPER_BOUND_FOUND","8","8.0","8","6","6.0","6","4","4.0","4","6","6.0","6","true","true","true","","true","100000000","1503","64","214.7329978942871","COMPLETE_UPPER_BOUND_SEARCH","REPORTED_DX_TOO_HIGH;REPORTED_DZ_TOO_HIGH","",""
"table7_row069","table7","540","540","10","10","212","318","25","12","25","12","25","37","25","12","true","false","MATCHED_UPPER_BOUND_NOT_EXACT","MATCHED_UPPER_BOUND_NOT_EXACT","8","8.0","8","6","6.0","6","4","4.0","4","6","6.0","6","true","true","true","","true","100000000","1504","64","220.05255794525146","COMPLETE_UPPER_BOUND_SEARCH","","",""
"table7_row070","table7","550","550","10","10","216","324","26","10","27","10","55","32","27","10","false","false","SEARCH_DID_NOT_REPRODUCE_CLAIM","MATCHED_UPPER_BOUND_NOT_EXACT","8","8.0","8","6","6.0","6","4","4.0","4","6","6.0","6","true","true","true","","true","100000000","1505","64","216.85610508918762","COMPLETE_UPPER_BOUND_SEARCH","","",""
"table7_row071","table7","560","560","10","10","220","330","25","11","25","11","56","18","25","11","false","false","MATCHED_UPPER_BOUND_NOT_EXACT","MATCHED_UPPER_BOUND_NOT_EXACT","8","8.0","8","6","6.0","6","4","4.0","4","6","6.0","6","true","true","true","","true","100000000","1506","64","220.63751888275146","COMPLETE_UPPER_BOUND_SEARCH","","",""
"table7_row072","table7","570","570","10","10","224","336","30","11","28","11","56","26","28","11","false","false","SMALLER_UPPER_BOUND_FOUND","MATCHED_UPPER_BOUND_NOT_EXACT","8","8.0","8","6","6.0","6","4","4.0","4","6","6.0","6","true","true","true","","true","100000000","1507","64","222.0406448841095","COMPLETE_UPPER_BOUND_SEARCH","REPORTED_DX_TOO_HIGH","",""
"table7_row073","table7","580","580","10","10","228","342","28","12","29","12","58","41","29","12","false","false","SEARCH_DID_NOT_REPRODUCE_CLAIM","MATCHED_UPPER_BOUND_NOT_EXACT","8","8.0","8","6","6.0","6","4","4.0","4","6","6.0","6","true","true","true","","true","100000000","1508","64","235.56516313552856","COMPLETE_UPPER_BOUND_SEARCH","","",""
"table7_row074","table7","590","590","10","10","232","348","27","11","29","12","59","20","29","12","false","false","SEARCH_DID_NOT_REPRODUCE_CLAIM","SEARCH_DID_NOT_REPRODUCE_CLAIM","8","8.0","8","6","6.0","6","4","4.0","4","6","6.0","6","true","true","true","","true","100000000","1509","64","230.82887601852417","COMPLETE_UPPER_BOUND_SEARCH","","",""
"table7_row075","table7","600","600","10","10","236","354","28","10","24","10","39","18","24","10","false","false","SMALLER_UPPER_BOUND_FOUND","MATCHED_UPPER_BOUND_NOT_EXACT","8","8.0","8","6","6.0","6","4","4.0","4","6","6.0","6","true","true","true","","true","100000000","1510","64","234.4223427772522","COMPLETE_UPPER_BOUND_SEARCH","REPORTED_DX_TOO_HIGH","",""
"table7_row076","table7","610","610","10","10","240","360","28","12","26","11","60","31","26","11","false","false","SMALLER_UPPER_BOUND_FOUND","SMALLER_UPPER_BOUND_FOUND","8","8.0","8","6","6.0","6","4","4.0","4","6","6.0","6","true","true","true","","true","100000000","1511","64","235.81977605819702","COMPLETE_UPPER_BOUND_SEARCH","REPORTED_DX_TOO_HIGH;REPORTED_DZ_TOO_HIGH","",""
"table7_row077","table7","620","620","10","10","244","366","28","11","26","11","35","30","26","11","false","false","SMALLER_UPPER_BOUND_FOUND","MATCHED_UPPER_BOUND_NOT_EXACT","8","8.0","8","6","6.0","6","4","4.0","4","6","6.0","6","true","true","true","","true","100000000","1512","64","437.32798314094543","COMPLETE_UPPER_BOUND_SEARCH","REPORTED_DX_TOO_HIGH","",""
"table7_row078","table7","630","630","10","10","248","372","30","12","28","12","63","46","28","12","false","false","SMALLER_UPPER_BOUND_FOUND","MATCHED_UPPER_BOUND_NOT_EXACT","8","8.0","8","6","6.0","6","4","4.0","4","6","6.0","6","true","true","true","","true","100000000","1513","64","240.35706090927124","COMPLETE_UPPER_BOUND_SEARCH","REPORTED_DX_TOO_HIGH","",""
"table7_row079","table7","640","640","10","10","252","378","28","13","8","6","50","18","8","6","false","false","SMALLER_UPPER_BOUND_FOUND","SMALLER_UPPER_BOUND_FOUND","8","8.0","8","6","6.0","6","4","4.0","4","6","6.0","6","true","true","true","","true","100000000","1514","64","243.57135891914368","COMPLETE_UPPER_BOUND_SEARCH","REPORTED_DX_TOO_HIGH;REPORTED_DZ_TOO_HIGH","",""
"table7_row080","table7","650","650","10","10","256","384","28","10","28","10","65","43","28","10","false","false","MATCHED_UPPER_BOUND_NOT_EXACT","MATCHED_UPPER_BOUND_NOT_EXACT","8","8.0","8","6","6.0","6","4","4.0","4","6","6.0","6","true","true","true","","true","100000000","1515","64","245.44147205352783","COMPLETE_UPPER_BOUND_SEARCH","","",""
"table7_row081","table7","660","660","10","10","260","390","30","11","30","11","44","18","30","11","false","false","MATCHED_UPPER_BOUND_NOT_EXACT","MATCHED_UPPER_BOUND_NOT_EXACT","8","8.0","8","6","6.0","6","4","4.0","4","6","6.0","6","true","true","true","","true","100000000","1516","64","254.77763104438782","COMPLETE_UPPER_BOUND_SEARCH","","",""
"table7_row082","table7","670","670","10","10","264","396","35","12","33","12","67","28","33","12","false","false","SMALLER_UPPER_BOUND_FOUND","MATCHED_UPPER_BOUND_NOT_EXACT","8","8.0","8","6","6.0","6","4","4.0","4","6","6.0","6","true","true","true","","true","100000000","1517","64","250.81636500358582","COMPLETE_UPPER_BOUND_SEARCH","REPORTED_DX_TOO_HIGH","",""
"table7_row083","table7","680","680","10","10","268","402","30","11","32","11","42","26","32","11","false","false","SEARCH_DID_NOT_REPRODUCE_CLAIM","MATCHED_UPPER_BOUND_NOT_EXACT","8","8.0","8","6","6.0","6","4","4.0","4","6","6.0","6","true","true","true","","true","100000000","1518","64","253.10382413864136","COMPLETE_UPPER_BOUND_SEARCH","","",""
"table7_row084","table7","690","690","10","10","272","408","35","12","23","14","69","34","23","14","false","false","SMALLER_UPPER_BOUND_FOUND","SEARCH_DID_NOT_REPRODUCE_CLAIM","8","8.0","8","6","6.0","6","4","4.0","4","6","6.0","6","true","true","true","","true","100000000","1519","64","255.4053831100464","COMPLETE_UPPER_BOUND_SEARCH","REPORTED_DX_TOO_HIGH","",""
"table7_row085","table7","700","700","10","10","276","414","30","11","30","11","57","14","30","11","false","false","MATCHED_UPPER_BOUND_NOT_EXACT","MATCHED_UPPER_BOUND_NOT_EXACT","8","8.0","8","6","6.0","6","4","4.0","4","6","6.0","6","true","true","true","","true","100000000","1520","64","264.12882590293884","COMPLETE_UPPER_BOUND_SEARCH","","",""
"table7_row086","table7","710","710","10","10","280","420","33","13","30","13","71","39","30","13","false","false","SMALLER_UPPER_BOUND_FOUND","MATCHED_UPPER_BOUND_NOT_EXACT","8","8.0","8","6","6.0","6","4","4.0","4","6","6.0","6","true","true","true","","true","100000000","1521","64","265.1598970890045","COMPLETE_UPPER_BOUND_SEARCH","REPORTED_DX_TOO_HIGH","",""
"table7_row087","table7","720","720","10","10","284","426","31","12","30","12","36","28","30","12","false","false","SMALLER_UPPER_BOUND_FOUND","MATCHED_UPPER_BOUND_NOT_EXACT","8","8.0","8","6","6.0","6","4","4.0","4","6","6.0","6","true","true","true","","true","100000000","1522","64","302.4306299686432","COMPLETE_UPPER_BOUND_SEARCH","REPORTED_DX_TOO_HIGH","",""
"table7_row088","table7","730","730","10","10","288","432","31","12","29","12","70","23","29","12","false","false","SMALLER_UPPER_BOUND_FOUND","MATCHED_UPPER_BOUND_NOT_EXACT","8","8.0","8","6","6.0","6","4","4.0","4","6","6.0","6","true","true","true","","true","100000000","1523","64","301.97011494636536","COMPLETE_UPPER_BOUND_SEARCH","REPORTED_DX_TOO_HIGH","",""
"table7_row089","table7","740","740","10","10","292","438","34","10","28","10","37","17","28","10","false","false","SMALLER_UPPER_BOUND_FOUND","MATCHED_UPPER_BOUND_NOT_EXACT","8","8.0","8","6","6.0","6","4","4.0","4","6","6.0","6","true","true","true","","true","100000000","1524","64","310.55851912498474","COMPLETE_UPPER_BOUND_SEARCH","REPORTED_DX_TOO_HIGH","",""
"table7_row090","table7","750","750","10","10","296","444","37","13","32","13","75","48","32","13","false","false","SMALLER_UPPER_BOUND_FOUND","MATCHED_UPPER_BOUND_NOT_EXACT","8","8.0","8","6","6.0","6","4","4.0","4","6","6.0","6","true","true","true","","true","100000000","1525","64","306.263888835907","COMPLETE_UPPER_BOUND_SEARCH","REPORTED_DX_TOO_HIGH","",""
"table7_row091","table7","760","760","10","10","300","450","33","12","24","8","59","76","24","8","false","false","SMALLER_UPPER_BOUND_FOUND","SMALLER_UPPER_BOUND_FOUND","8","8.0","8","6","6.0","6","4","4.0","4","6","6.0","6","true","true","true","","true","100000000","1526","64","312.56089878082275","COMPLETE_UPPER_BOUND_SEARCH","REPORTED_DX_TOO_HIGH;REPORTED_DZ_TOO_HIGH","",""
"table7_row092","table7","770","770","10","10","304","456","32","13","32","13","44","23","32","13","false","false","MATCHED_UPPER_BOUND_NOT_EXACT","MATCHED_UPPER_BOUND_NOT_EXACT","8","8.0","8","6","6.0","6","4","4.0","4","6","6.0","6","true","true","true","","true","100000000","1527","64","313.6163520812988","COMPLETE_UPPER_BOUND_SEARCH","","",""
"table7_row093","table7","780","780","10","10","308","462","31","11","31","11","39","16","31","11","false","false","MATCHED_UPPER_BOUND_NOT_EXACT","MATCHED_UPPER_BOUND_NOT_EXACT","8","8.0","8","6","6.0","6","4","4.0","4","6","6.0","6","true","true","true","","true","100000000","1528","64","321.348513841629","COMPLETE_UPPER_BOUND_SEARCH","","",""
"table7_row094","table7","790","790","10","10","312","468","39","12","34","15","79","51","34","15","false","false","SMALLER_UPPER_BOUND_FOUND","SEARCH_DID_NOT_REPRODUCE_CLAIM","8","8.0","8","6","6.0","6","4","4.0","4","6","6.0","6","true","true","true","","true","100000000","1529","64","315.37826204299927","COMPLETE_UPPER_BOUND_SEARCH","REPORTED_DX_TOO_HIGH","",""
"table7_row095","table7","800","800","10","10","316","474","37","12","33","12","43","23","33","12","false","false","SMALLER_UPPER_BOUND_FOUND","MATCHED_UPPER_BOUND_NOT_EXACT","8","8.0","8","6","6.0","6","4","4.0","4","6","6.0","6","true","true","true","","true","100000000","1530","64","319.9303572177887","COMPLETE_UPPER_BOUND_SEARCH","REPORTED_DX_TOO_HIGH","",""
"table7_row096","table7","810","810","10","10","320","480","35","12","27","12","81","35","27","12","false","false","SMALLER_UPPER_BOUND_FOUND","MATCHED_UPPER_BOUND_NOT_EXACT","8","8.0","8","6","6.0","6","4","4.0","4","6","6.0","6","true","true","true","","true","100000000","1531","64","328.04219579696655","COMPLETE_UPPER_BOUND_SEARCH","REPORTED_DX_TOO_HIGH","",""
"table7_row097","table7","820","820","10","10","324","486","31","11","31","11","72","26","31","11","false","false","MATCHED_UPPER_BOUND_NOT_EXACT","MATCHED_UPPER_BOUND_NOT_EXACT","8","8.0","8","6","6.0","6","4","4.0","4","6","6.0","6","true","true","true","","true","100000000","1532","64","330.7557420730591","COMPLETE_UPPER_BOUND_SEARCH","","",""
"table7_row098","table7","830","830","10","10","328","492","34","13","31","13","83","58","31","13","false","false","SMALLER_UPPER_BOUND_FOUND","MATCHED_UPPER_BOUND_NOT_EXACT","8","8.0","8","6","6.0","6","4","4.0","4","6","6.0","6","true","true","true","","true","100000000","1533","64","326.4060289859772","COMPLETE_UPPER_BOUND_SEARCH","REPORTED_DX_TOO_HIGH","",""
"table7_row099","table7","840","840","10","10","332","498","39","12","37","12","47","37","37","12","false","false","SMALLER_UPPER_BOUND_FOUND","MATCHED_UPPER_BOUND_NOT_EXACT","8","8.0","8","6","6.0","6","4","4.0","4","6","6.0","6","true","true","true","","true","100000000","1534","64","385.68970799446106","COMPLETE_UPPER_BOUND_SEARCH","REPORTED_DX_TOO_HIGH","",""
"table7_row100","table7","850","850","10","10","336","504","37","14","36","14","81","51","36","14","false","false","SMALLER_UPPER_BOUND_FOUND","MATCHED_UPPER_BOUND_NOT_EXACT","8","8.0","8","6","6.0","6","4","4.0","4","6","6.0","6","true","true","true","","true","100000000","1535","64","382.467080116272","COMPLETE_UPPER_BOUND_SEARCH","REPORTED_DX_TOO_HIGH","",""
"table7_row101","table7","860","860","10","10","340","510","36","12","28","13","52","29","28","13","false","false","SMALLER_UPPER_BOUND_FOUND","SEARCH_DID_NOT_REPRODUCE_CLAIM","8","8.0","8","6","6.0","6","4","4.0","4","6","6.0","6","true","true","true","","true","100000000","1536","64","398.32635593414307","COMPLETE_UPPER_BOUND_SEARCH","REPORTED_DX_TOO_HIGH","",""
"table7_row102","table7","870","870","10","10","344","516","39","14","33","14","87","50","33","14","false","false","SMALLER_UPPER_BOUND_FOUND","MATCHED_UPPER_BOUND_NOT_EXACT","8","8.0","8","6","6.0","6","4","4.0","4","6","6.0","6","true","true","true","","true","100000000","1537","64","392.4510579109192","COMPLETE_UPPER_BOUND_SEARCH","REPORTED_DX_TOO_HIGH","",""
"table7_row103","table7","880","880","10","10","348","522","34","13","33","13","88","30","33","13","false","false","SMALLER_UPPER_BOUND_FOUND","MATCHED_UPPER_BOUND_NOT_EXACT","8","8.0","8","6","6.0","6","4","4.0","4","6","6.0","6","true","true","true","","true","100000000","1538","64","396.3922481536865","COMPLETE_UPPER_BOUND_SEARCH","REPORTED_DX_TOO_HIGH","",""
"table7_row104","table7","890","890","10","10","352","528","36","14","40","14","42","16","40","14","false","false","SEARCH_DID_NOT_REPRODUCE_CLAIM","MATCHED_UPPER_BOUND_NOT_EXACT","8","8.0","8","6","6.0","6","4","4.0","4","6","6.0","6","true","true","true","","true","100000000","1539","64","396.50013494491577","COMPLETE_UPPER_BOUND_SEARCH","","",""
"table7_row105","table7","900","900","10","10","356","534","39","13","30","13","45","32","30","13","false","false","SMALLER_UPPER_BOUND_FOUND","MATCHED_UPPER_BOUND_NOT_EXACT","8","8.0","8","6","6.0","6","4","4.0","4","6","6.0","6","true","true","true","","true","100000000","1540","64","415.07645201683044","COMPLETE_UPPER_BOUND_SEARCH","REPORTED_DX_TOO_HIGH","",""
"table7_row106","table7","910","910","10","10","360","540","44","16","40","16","91","55","40","16","false","false","SMALLER_UPPER_BOUND_FOUND","MATCHED_UPPER_BOUND_NOT_EXACT","8","8.0","8","6","6.0","6","4","4.0","4","6","6.0","6","true","true","true","","true","100000000","1541","64","402.1895787715912","COMPLETE_UPPER_BOUND_SEARCH","REPORTED_DX_TOO_HIGH","",""
"table7_row107","table7","920","920","10","10","364","546","43","12","40","12","69","49","40","12","false","false","SMALLER_UPPER_BOUND_FOUND","MATCHED_UPPER_BOUND_NOT_EXACT","8","8.0","8","6","6.0","6","4","4.0","4","6","6.0","6","true","true","true","","true","100000000","1542","64","408.5957911014557","COMPLETE_UPPER_BOUND_SEARCH","REPORTED_DX_TOO_HIGH","",""
"table7_row108","table7","930","930","10","10","368","552","45","13","35","13","80","37","35","13","false","false","SMALLER_UPPER_BOUND_FOUND","MATCHED_UPPER_BOUND_NOT_EXACT","8","8.0","8","6","6.0","6","4","4.0","4","6","6.0","6","true","true","true","","true","100000000","1543","64","408.91087102890015","COMPLETE_UPPER_BOUND_SEARCH","REPORTED_DX_TOO_HIGH","",""
"table8_row001","table8","140","140","20","20","60","60","6","6","6","6","7","7","6","6","false","false","MATCHED_UPPER_BOUND_NOT_EXACT","MATCHED_UPPER_BOUND_NOT_EXACT","8","8.0","8","8","8.0","8","6","6.0","6","6","6.0","6","true","true","true","","true","100000000","1544","64","85.65754103660583","COMPLETE_UPPER_BOUND_SEARCH","","",""
"table8_row002","table8","160","160","20","20","70","70","6","6","6","6","8","9","6","6","false","false","MATCHED_UPPER_BOUND_NOT_EXACT","MATCHED_UPPER_BOUND_NOT_EXACT","8","8.0","8","8","8.0","8","6","6.0","6","6","6.0","6","true","true","true","","true","100000000","1545","64","88.10715007781982","COMPLETE_UPPER_BOUND_SEARCH","","",""
"table8_row003","table8","180","180","20","20","80","80","6","6","6","6","9","9","6","6","false","false","MATCHED_UPPER_BOUND_NOT_EXACT","MATCHED_UPPER_BOUND_NOT_EXACT","8","8.0","8","8","8.0","8","6","6.0","6","6","6.0","6","true","true","true","","true","100000000","1546","64","97.04708790779114","COMPLETE_UPPER_BOUND_SEARCH","","",""
"table8_row004","table8","200","200","20","20","90","90","7","7","7","7","10","9","7","7","false","false","MATCHED_UPPER_BOUND_NOT_EXACT","MATCHED_UPPER_BOUND_NOT_EXACT","8","8.0","8","8","8.0","8","6","6.0","6","6","6.0","6","true","true","true","","true","100000000","1547","64","108.52721786499023","COMPLETE_UPPER_BOUND_SEARCH","","",""
"table8_row005","table8","220","220","20","20","100","100","8","8","8","8","10","10","8","8","false","false","MATCHED_UPPER_BOUND_NOT_EXACT","MATCHED_UPPER_BOUND_NOT_EXACT","8","8.0","8","8","8.0","8","6","6.0","6","6","6.0","6","true","true","true","","true","100000000","1548","64","123.18751382827759","COMPLETE_UPPER_BOUND_SEARCH","","",""
"table8_row006","table8","240","240","20","20","110","110","8","8","8","8","8","14","8","8","true","false","MATCHED_UPPER_BOUND_NOT_EXACT","MATCHED_UPPER_BOUND_NOT_EXACT","8","8.0","8","8","8.0","8","6","6.0","6","6","6.0","6","true","true","true","","true","100000000","1549","64","122.01205587387085","COMPLETE_UPPER_BOUND_SEARCH","","",""
"table8_row007","table8","260","260","20","20","120","120","10","10","10","10","13","14","10","10","false","false","MATCHED_UPPER_BOUND_NOT_EXACT","MATCHED_UPPER_BOUND_NOT_EXACT","8","8.0","8","8","8.0","8","6","6.0","6","6","6.0","6","true","true","true","","true","100000000","1550","64","130.64467406272888","COMPLETE_UPPER_BOUND_SEARCH","","",""
"table8_row008","table8","280","280","20","20","130","130","9","9","9","9","12","11","9","9","false","false","MATCHED_UPPER_BOUND_NOT_EXACT","MATCHED_UPPER_BOUND_NOT_EXACT","8","8.0","8","8","8.0","8","6","6.0","6","6","6.0","6","true","true","true","","true","100000000","1551","64","136.36084985733032","COMPLETE_UPPER_BOUND_SEARCH","","",""
"table8_row009","table8","300","300","20","20","140","140","9","9","9","9","12","10","9","9","false","false","MATCHED_UPPER_BOUND_NOT_EXACT","MATCHED_UPPER_BOUND_NOT_EXACT","8","8.0","8","8","8.0","8","6","6.0","6","6","6.0","6","true","true","true","","true","100000000","1552","64","152.5690131187439","COMPLETE_UPPER_BOUND_SEARCH","","",""
"table8_row010","table8","320","320","20","20","150","150","9","9","8","8","10","10","8","8","false","false","SMALLER_UPPER_BOUND_FOUND","SMALLER_UPPER_BOUND_FOUND","8","8.0","8","8","8.0","8","6","6.0","6","6","6.0","6","true","true","true","","true","100000000","1553","64","147.35211086273193","COMPLETE_UPPER_BOUND_SEARCH","REPORTED_DX_TOO_HIGH;REPORTED_DZ_TOO_HIGH","",""
"table8_row011","table8","340","340","20","20","160","160","10","10","10","10","14","14","10","10","false","false","MATCHED_UPPER_BOUND_NOT_EXACT","MATCHED_UPPER_BOUND_NOT_EXACT","8","8.0","8","8","8.0","8","6","6.0","6","6","6.0","6","true","true","true","","true","100000000","1554","64","157.8628191947937","COMPLETE_UPPER_BOUND_SEARCH","","",""
"table8_row012","table8","360","360","20","20","170","170","10","10","10","10","18","17","10","10","false","false","MATCHED_UPPER_BOUND_NOT_EXACT","MATCHED_UPPER_BOUND_NOT_EXACT","8","8.0","8","8","8.0","8","6","6.0","6","6","6.0","6","true","true","true","","true","100000000","1555","64","161.80679297447205","COMPLETE_UPPER_BOUND_SEARCH","","",""
"table8_row013","table8","380","380","20","20","180","180","10","10","10","10","19","11","10","10","false","false","MATCHED_UPPER_BOUND_NOT_EXACT","MATCHED_UPPER_BOUND_NOT_EXACT","8","8.0","8","8","8.0","8","6","6.0","6","6","6.0","6","true","true","true","","true","100000000","1556","64","178.35540008544922","COMPLETE_UPPER_BOUND_SEARCH","","",""
"table8_row014","table8","380","380","20","20","180","180","11","11","11","11","19","11","11","11","false","true","MATCHED_UPPER_BOUND_NOT_EXACT","MATCHED_UPPER_BOUND_NOT_EXACT","8","8.0","8","8","8.0","8","6","6.0","6","6","6.0","6","true","true","true","","true","100000000","1557","64","176.91714096069336","COMPLETE_UPPER_BOUND_SEARCH","","",""
"table8_row015","table8","400","400","20","20","190","190","10","10","10","10","10","22","10","10","true","false","MATCHED_UPPER_BOUND_NOT_EXACT","MATCHED_UPPER_BOUND_NOT_EXACT","8","8.0","8","8","8.0","8","6","6.0","6","6","6.0","6","true","true","true","","true","100000000","1558","64","172.15609908103943","COMPLETE_UPPER_BOUND_SEARCH","","",""
"table8_row016","table8","400","400","20","20","190","190","11","11","12","12","20","20","12","12","false","false","SEARCH_DID_NOT_REPRODUCE_CLAIM","SEARCH_DID_NOT_REPRODUCE_CLAIM","8","8.0","8","8","8.0","8","6","6.0","6","6","6.0","6","true","true","true","","true","100000000","1559","64","171.46238780021667","COMPLETE_UPPER_BOUND_SEARCH","","",""
"table8_row017","table8","400","400","20","20","190","190","12","12","11","11","19","21","11","11","false","false","SMALLER_UPPER_BOUND_FOUND","SMALLER_UPPER_BOUND_FOUND","8","8.0","8","8","8.0","8","6","6.0","6","6","6.0","6","true","true","true","","true","100000000","1560","64","171.65796303749084","COMPLETE_UPPER_BOUND_SEARCH","REPORTED_DX_TOO_HIGH;REPORTED_DZ_TOO_HIGH","",""
"table8_row018","table8","420","420","20","20","200","200","12","12","12","12","17","15","12","12","false","false","MATCHED_UPPER_BOUND_NOT_EXACT","MATCHED_UPPER_BOUND_NOT_EXACT","8","8.0","8","8","8.0","8","6","6.0","6","6","6.0","6","true","true","true","","true","100000000","1561","64","178.9189100265503","COMPLETE_UPPER_BOUND_SEARCH","","",""
"table8_row019","table8","440","440","20","20","210","210","11","11","11","11","13","13","11","11","false","false","MATCHED_UPPER_BOUND_NOT_EXACT","MATCHED_UPPER_BOUND_NOT_EXACT","8","8.0","8","8","8.0","8","6","6.0","6","6","6.0","6","true","true","true","","true","100000000","1562","64","183.1493730545044","COMPLETE_UPPER_BOUND_SEARCH","","",""
"table8_row020","table8","460","460","20","20","220","220","12","12","12","12","20","20","12","12","false","false","MATCHED_UPPER_BOUND_NOT_EXACT","MATCHED_UPPER_BOUND_NOT_EXACT","8","8.0","8","8","8.0","8","6","6.0","6","6","6.0","6","true","true","true","","true","100000000","1563","64","205.95515203475952","COMPLETE_UPPER_BOUND_SEARCH","","",""
"table8_row021","table8","480","480","20","20","230","230","12","12","12","12","22","16","12","12","false","false","MATCHED_UPPER_BOUND_NOT_EXACT","MATCHED_UPPER_BOUND_NOT_EXACT","8","8.0","8","8","8.0","8","6","6.0","6","6","6.0","6","true","true","true","","true","100000000","1564","64","202.10650491714478","COMPLETE_UPPER_BOUND_SEARCH","","",""
"table8_row022","table8","520","520","20","20","250","250","14","14","14","14","22","22","14","14","false","false","MATCHED_UPPER_BOUND_NOT_EXACT","MATCHED_UPPER_BOUND_NOT_EXACT","8","8.0","8","8","8.0","8","6","6.0","6","6","6.0","6","true","true","true","","true","100000000","1565","64","207.9480438232422","COMPLETE_UPPER_BOUND_SEARCH","","",""
"table8_row023","table8","540","540","20","20","260","260","13","13","13","13","21","19","13","13","false","false","MATCHED_UPPER_BOUND_NOT_EXACT","MATCHED_UPPER_BOUND_NOT_EXACT","8","8.0","8","8","8.0","8","6","6.0","6","6","6.0","6","true","true","true","","true","100000000","1566","64","225.1818208694458","COMPLETE_UPPER_BOUND_SEARCH","","",""
"table8_row024","table8","560","560","20","20","270","270","14","14","14","14","14","27","14","14","true","false","MATCHED_UPPER_BOUND_NOT_EXACT","MATCHED_UPPER_BOUND_NOT_EXACT","8","8.0","8","8","8.0","8","6","6.0","6","6","6.0","6","true","true","true","","true","100000000","1567","64","217.92671704292297","COMPLETE_UPPER_BOUND_SEARCH","","",""
"table8_row025","table8","580","580","20","20","280","280","14","14","14","15","22","18","14","15","false","false","MATCHED_UPPER_BOUND_NOT_EXACT","SEARCH_DID_NOT_REPRODUCE_CLAIM","8","8.0","8","8","8.0","8","6","6.0","6","6","6.0","6","true","true","true","","true","100000000","1568","64","230.3562228679657","COMPLETE_UPPER_BOUND_SEARCH","","",""
"table8_row026","table8","600","600","20","20","290","290","14","14","14","14","26","38","14","14","false","false","MATCHED_UPPER_BOUND_NOT_EXACT","MATCHED_UPPER_BOUND_NOT_EXACT","8","8.0","8","8","8.0","8","6","6.0","6","6","6.0","6","true","true","true","","true","100000000","1569","64","232.45045590400696","COMPLETE_UPPER_BOUND_SEARCH","","",""
"table8_row027","table8","620","620","20","20","300","300","15","15","15","15","31","19","15","15","false","false","MATCHED_UPPER_BOUND_NOT_EXACT","MATCHED_UPPER_BOUND_NOT_EXACT","8","8.0","8","8","8.0","8","6","6.0","6","6","6.0","6","true","true","true","","true","100000000","1570","64","244.61105394363403","COMPLETE_UPPER_BOUND_SEARCH","","",""
"table8_row028","table8","640","640","20","20","310","310","15","15","8","8","22","19","8","8","false","false","SMALLER_UPPER_BOUND_FOUND","SMALLER_UPPER_BOUND_FOUND","8","8.0","8","8","8.0","8","6","6.0","6","6","6.0","6","true","true","true","","true","100000000","1571","64","237.53053998947144","COMPLETE_UPPER_BOUND_SEARCH","REPORTED_DX_TOO_HIGH;REPORTED_DZ_TOO_HIGH","",""
"table8_row029","table8","660","660","20","20","320","320","15","15","15","15","27","27","15","15","false","false","MATCHED_UPPER_BOUND_NOT_EXACT","MATCHED_UPPER_BOUND_NOT_EXACT","8","8.0","8","8","8.0","8","6","6.0","6","6","6.0","6","true","true","true","","true","100000000","1572","64","245.70794987678528","COMPLETE_UPPER_BOUND_SEARCH","","",""
"table8_row030","table8","680","680","20","20","330","330","15","15","15","15","33","22","15","15","false","false","MATCHED_UPPER_BOUND_NOT_EXACT","MATCHED_UPPER_BOUND_NOT_EXACT","8","8.0","8","8","8.0","8","6","6.0","6","6","6.0","6","true","true","true","","true","100000000","1573","64","249.70181393623352","COMPLETE_UPPER_BOUND_SEARCH","","",""
"table8_row031","table8","700","700","20","20","340","340","15","15","15","15","35","25","15","15","false","false","MATCHED_UPPER_BOUND_NOT_EXACT","MATCHED_UPPER_BOUND_NOT_EXACT","8","8.0","8","8","8.0","8","6","6.0","6","6","6.0","6","true","true","true","","true","100000000","1574","64","268.20632791519165","COMPLETE_UPPER_BOUND_SEARCH","","",""
"table8_row032","table8","720","720","20","20","350","350","15","15","15","15","17","17","15","15","false","false","MATCHED_UPPER_BOUND_NOT_EXACT","MATCHED_UPPER_BOUND_NOT_EXACT","8","8.0","8","8","8.0","8","6","6.0","6","6","6.0","6","true","true","true","","true","100000000","1575","64","294.0121159553528","COMPLETE_UPPER_BOUND_SEARCH","","",""
"table8_row033","table8","740","740","20","20","360","360","18","18","18","18","37","26","18","18","false","false","MATCHED_UPPER_BOUND_NOT_EXACT","MATCHED_UPPER_BOUND_NOT_EXACT","8","8.0","8","8","8.0","8","6","6.0","6","6","6.0","6","true","true","true","","true","100000000","1576","64","302.25437593460083","COMPLETE_UPPER_BOUND_SEARCH","","",""
"table8_row034","table8","760","760","20","20","370","370","18","18","18","18","38","26","18","18","false","false","MATCHED_UPPER_BOUND_NOT_EXACT","MATCHED_UPPER_BOUND_NOT_EXACT","8","8.0","8","8","8.0","8","6","6.0","6","6","6.0","6","true","true","true","","true","100000000","1577","64","305.1211199760437","COMPLETE_UPPER_BOUND_SEARCH","","",""
"table8_row035","table8","780","780","20","20","380","380","18","18","18","18","26","31","18","18","false","false","MATCHED_UPPER_BOUND_NOT_EXACT","MATCHED_UPPER_BOUND_NOT_EXACT","8","8.0","8","8","8.0","8","6","6.0","6","6","6.0","6","true","true","true","","true","100000000","1578","64","324.4463379383087","COMPLETE_UPPER_BOUND_SEARCH","","",""
"table8_row036","table8","800","800","20","20","390","390","15","15","15","15","20","51","15","15","false","false","MATCHED_UPPER_BOUND_NOT_EXACT","MATCHED_UPPER_BOUND_NOT_EXACT","8","8.0","8","8","8.0","8","6","6.0","6","6","6.0","6","true","true","true","","true","100000000","1579","64","314.99766302108765","COMPLETE_UPPER_BOUND_SEARCH","","",""
"table8_row037","table8","820","820","20","20","400","400","18","18","18","18","24","31","18","18","false","false","MATCHED_UPPER_BOUND_NOT_EXACT","MATCHED_UPPER_BOUND_NOT_EXACT","8","8.0","8","8","8.0","8","6","6.0","6","6","6.0","6","true","true","true","","true","100000000","1580","64","325.0675160884857","COMPLETE_UPPER_BOUND_SEARCH","","",""
"table8_row038","table8","840","840","20","20","410","410","18","18","18","18","36","53","18","18","false","false","MATCHED_UPPER_BOUND_NOT_EXACT","MATCHED_UPPER_BOUND_NOT_EXACT","8","8.0","8","8","8.0","8","6","6.0","6","6","6.0","6","true","true","true","","true","100000000","1581","64","377.3185329437256","COMPLETE_UPPER_BOUND_SEARCH","","",""
"table8_row039","table8","860","860","20","20","420","420","20","20","20","20","26","26","20","20","false","false","MATCHED_UPPER_BOUND_NOT_EXACT","MATCHED_UPPER_BOUND_NOT_EXACT","8","8.0","8","8","8.0","8","6","6.0","6","6","6.0","6","true","true","true","","true","100000000","1582","64","404.50257396698","COMPLETE_UPPER_BOUND_SEARCH","","",""
"table8_row040","table8","880","880","20","20","430","430","15","15","15","15","44","34","15","15","false","false","MATCHED_UPPER_BOUND_NOT_EXACT","MATCHED_UPPER_BOUND_NOT_EXACT","8","8.0","8","8","8.0","8","6","6.0","6","6","6.0","6","true","true","true","","true","100000000","1583","64","394.18451499938965","COMPLETE_UPPER_BOUND_SEARCH","","",""
"table8_row041","table8","900","900","20","20","440","440","18","18","18","18","40","43","18","18","false","false","MATCHED_UPPER_BOUND_NOT_EXACT","MATCHED_UPPER_BOUND_NOT_EXACT","8","8.0","8","8","8.0","8","6","6.0","6","6","6.0","6","true","true","true","","true","100000000","1584","64","400.4352400302887","COMPLETE_UPPER_BOUND_SEARCH","","",""
"table8_row042","table8","920","920","20","20","450","450","18","18","18","18","20","29","18","18","false","false","MATCHED_UPPER_BOUND_NOT_EXACT","MATCHED_UPPER_BOUND_NOT_EXACT","8","8.0","8","8","8.0","8","6","6.0","6","6","6.0","6","true","true","true","","true","100000000","1585","64","405.9652290344238","COMPLETE_UPPER_BOUND_SEARCH","","",""
"table8_row043","table8","940","940","20","20","460","460","18","18","18","18","28","26","18","18","false","false","MATCHED_UPPER_BOUND_NOT_EXACT","MATCHED_UPPER_BOUND_NOT_EXACT","8","8.0","8","8","8.0","8","6","6.0","6","6","6.0","6","true","true","true","","true","100000000","1586","64","441.94792103767395","COMPLETE_UPPER_BOUND_SEARCH","","",""
"table8_row044","table8","960","960","20","20","470","470","19","19","8","8","29","29","8","8","false","false","SMALLER_UPPER_BOUND_FOUND","SMALLER_UPPER_BOUND_FOUND","8","8.0","8","8","8.0","8","6","6.0","6","6","6.0","6","true","true","true","","true","100000000","1587","64","416.15361189842224","COMPLETE_UPPER_BOUND_SEARCH","REPORTED_DX_TOO_HIGH;REPORTED_DZ_TOO_HIGH","",""
"table8_row045","table8","980","980","20","20","480","480","19","19","19","21","27","27","19","21","false","false","MATCHED_UPPER_BOUND_NOT_EXACT","SEARCH_DID_NOT_REPRODUCE_CLAIM","8","8.0","8","8","8.0","8","6","6.0","6","6","6.0","6","true","true","true","","true","100000000","1588","64","527.1244170665741","COMPLETE_UPPER_BOUND_SEARCH","","",""
"table8_row046","table8","1000","1000","20","20","490","490","20","20","20","20","42","30","20","20","false","false","MATCHED_UPPER_BOUND_NOT_EXACT","MATCHED_UPPER_BOUND_NOT_EXACT","8","8.0","8","8","8.0","8","6","6.0","6","6","6.0","6","true","true","true","","true","100000000","1589","64","532.0184860229492","COMPLETE_UPPER_BOUND_SEARCH","","",""
"table8_row047","table8","1020","1020","20","20","500","500","19","19","20","19","36","20","20","19","false","false","SEARCH_DID_NOT_REPRODUCE_CLAIM","MATCHED_UPPER_BOUND_NOT_EXACT","8","8.0","8","8","8.0","8","6","6.0","6","6","6.0","6","true","true","true","","true","100000000","1590","64","564.89235496521","COMPLETE_UPPER_BOUND_SEARCH","","",""
"table8_row048","table8","1040","1040","20","20","510","510","18","18","18","18","26","49","18","18","false","false","MATCHED_UPPER_BOUND_NOT_EXACT","MATCHED_UPPER_BOUND_NOT_EXACT","8","8.0","8","8","8.0","8","6","6.0","6","6","6.0","6","true","true","true","","true","100000000","1591","64","526.58775806427","COMPLETE_UPPER_BOUND_SEARCH","","",""
"table8_row049","table8","1060","1060","20","20","520","520","20","20","21","20","27","41","21","20","false","false","SEARCH_DID_NOT_REPRODUCE_CLAIM","MATCHED_UPPER_BOUND_NOT_EXACT","8","8.0","8","8","8.0","8","6","6.0","6","6","6.0","6","true","true","true","","true","100000000","1592","64","531.1920921802521","COMPLETE_UPPER_BOUND_SEARCH","","",""
"table8_row050","table8","1080","1080","20","20","530","530","20","20","20","21","35","41","20","21","false","false","MATCHED_UPPER_BOUND_NOT_EXACT","SEARCH_DID_NOT_REPRODUCE_CLAIM","8","8.0","8","8","8.0","8","6","6.0","6","6","6.0","6","true","true","true","","true","100000000","1593","64","536.0509080886841","COMPLETE_UPPER_BOUND_SEARCH","","",""
"table8_row051","table8","1100","1100","20","20","540","540","22","22","21","22","22","45","21","22","false","false","SMALLER_UPPER_BOUND_FOUND","MATCHED_UPPER_BOUND_NOT_EXACT","8","8.0","8","8","8.0","8","6","6.0","6","6","6.0","6","true","true","true","","true","100000000","1594","64","578.2485868930817","COMPLETE_UPPER_BOUND_SEARCH","REPORTED_DX_TOO_HIGH","",""
"table8_row052","table8","1120","1120","20","20","550","550","20","20","24","24","56","40","24","24","false","false","SEARCH_DID_NOT_REPRODUCE_CLAIM","SEARCH_DID_NOT_REPRODUCE_CLAIM","8","8.0","8","8","8.0","8","6","6.0","6","6","6.0","6","true","true","true","","true","100000000","1595","64","558.9900360107422","COMPLETE_UPPER_BOUND_SEARCH","","",""
"table8_row053","table8","1140","1140","20","20","560","560","21","21","21","21","48","47","21","21","false","false","MATCHED_UPPER_BOUND_NOT_EXACT","MATCHED_UPPER_BOUND_NOT_EXACT","8","8.0","8","8","8.0","8","6","6.0","6","6","6.0","6","true","true","true","","true","100000000","1596","64","570.1929790973663","COMPLETE_UPPER_BOUND_SEARCH","","",""
"table8_row054","table8","1160","1160","20","20","570","570","21","21","21","21","29","41","21","21","false","false","MATCHED_UPPER_BOUND_NOT_EXACT","MATCHED_UPPER_BOUND_NOT_EXACT","8","8.0","8","8","8.0","8","6","6.0","6","6","6.0","6","true","true","true","","true","100000000","1597","64","571.8637330532074","COMPLETE_UPPER_BOUND_SEARCH","","",""
"table8_row055","table8","1180","1180","20","20","580","580","22","22","22","22","30","30","22","22","false","false","MATCHED_UPPER_BOUND_NOT_EXACT","MATCHED_UPPER_BOUND_NOT_EXACT","8","8.0","8","8","8.0","8","6","6.0","6","6","6.0","6","true","true","true","","true","100000000","1598","64","605.1763870716095","COMPLETE_UPPER_BOUND_SEARCH","","",""
"table8_row056","table8","1200","1200","20","20","590","590","20","20","20","20","33","49","20","20","false","false","MATCHED_UPPER_BOUND_NOT_EXACT","MATCHED_UPPER_BOUND_NOT_EXACT","8","8.0","8","8","8.0","8","6","6.0","6","6","6.0","6","true","true","true","","true","100000000","1599","64","588.3146238327026","COMPLETE_UPPER_BOUND_SEARCH","","",""
"table8_row057","table8","1220","1220","20","20","600","600","20","20","20","22","53","47","20","22","false","false","MATCHED_UPPER_BOUND_NOT_EXACT","SEARCH_DID_NOT_REPRODUCE_CLAIM","8","8.0","8","8","8.0","8","6","6.0","6","6","6.0","6","true","true","true","","true","100000000","1600","64","714.4795949459076","COMPLETE_UPPER_BOUND_SEARCH","","",""
"table8_row058","table8","1240","1240","20","20","610","610","24","24","24","24","62","41","24","24","false","false","MATCHED_UPPER_BOUND_NOT_EXACT","MATCHED_UPPER_BOUND_NOT_EXACT","8","8.0","8","8","8.0","8","6","6.0","6","6","6.0","6","true","true","true","","true","100000000","1601","64","842.5386219024658","COMPLETE_UPPER_BOUND_SEARCH","","",""
"table8_row059","table8","1260","1260","20","20","620","620","24","24","23","21","37","39","23","21","false","false","SMALLER_UPPER_BOUND_FOUND","SMALLER_UPPER_BOUND_FOUND","8","8.0","8","8","8.0","8","6","6.0","6","6","6.0","6","true","true","true","","true","100000000","1602","64","739.8062129020691","COMPLETE_UPPER_BOUND_SEARCH","REPORTED_DX_TOO_HIGH;REPORTED_DZ_TOO_HIGH","",""
"table8_row060","table8","1280","1280","20","20","630","630","23","23","8","8","36","25","8","8","false","false","SMALLER_UPPER_BOUND_FOUND","SMALLER_UPPER_BOUND_FOUND","8","8.0","8","8","8.0","8","6","6.0","6","6","6.0","6","true","true","true","","true","100000000","1603","64","729.8103771209717","COMPLETE_UPPER_BOUND_SEARCH","REPORTED_DX_TOO_HIGH;REPORTED_DZ_TOO_HIGH","",""
"table8_row061","table8","1300","1300","20","20","640","640","24","24","23","24","26","52","23","24","false","false","SMALLER_UPPER_BOUND_FOUND","MATCHED_UPPER_BOUND_NOT_EXACT","8","8.0","8","8","8.0","8","6","6.0","6","6","6.0","6","true","true","true","","true","100000000","1604","64","754.6720099449158","COMPLETE_UPPER_BOUND_SEARCH","REPORTED_DX_TOO_HIGH","",""
"table8_row062","table8","1320","1320","20","20","650","650","22","22","22","26","35","35","22","26","false","false","MATCHED_UPPER_BOUND_NOT_EXACT","SEARCH_DID_NOT_REPRODUCE_CLAIM","8","8.0","8","8","8.0","8","6","6.0","6","6","6.0","6","true","true","true","","true","100000000","1605","64","754.9825551509857","COMPLETE_UPPER_BOUND_SEARCH","","",""
"table9_row001","table9","280","280","35","35","105","140","8","4","8","4","8","7","8","4","true","false","MATCHED_UPPER_BOUND_NOT_EXACT","MATCHED_UPPER_BOUND_NOT_EXACT","10","10.0","10","8","8.0","8","6","6.0","6","8","8.0","8","true","true","true","","true","100000000","1606","64","142.78505301475525","COMPLETE_UPPER_BOUND_SEARCH","","",""
"table9_row002","table9","315","315","35","35","120","160","9","6","9","6","9","7","9","6","true","false","MATCHED_UPPER_BOUND_NOT_EXACT","MATCHED_UPPER_BOUND_NOT_EXACT","10","10.0","10","8","8.0","8","6","6.0","6","8","8.0","8","true","true","true","","true","100000000","1607","64","153.0079700946808","COMPLETE_UPPER_BOUND_SEARCH","","",""
"table9_row003","table9","350","350","35","35","135","180","10","6","10","6","10","7","10","6","true","false","MATCHED_UPPER_BOUND_NOT_EXACT","MATCHED_UPPER_BOUND_NOT_EXACT","10","10.0","10","8","8.0","8","6","6.0","6","8","8.0","8","true","true","true","","true","100000000","1608","64","167.68811178207397","COMPLETE_UPPER_BOUND_SEARCH","","",""
"table9_row004","table9","385","385","35","35","150","200","10","7","10","7","11","7","10","7","false","true","MATCHED_UPPER_BOUND_NOT_EXACT","MATCHED_UPPER_BOUND_NOT_EXACT","10","10.0","10","8","8.0","8","6","6.0","6","8","8.0","8","true","true","true","","true","100000000","1609","64","178.2008900642395","COMPLETE_UPPER_BOUND_SEARCH","","",""
"table9_row005","table9","420","420","35","35","165","220","10","6","10","6","12","11","10","6","false","false","MATCHED_UPPER_BOUND_NOT_EXACT","MATCHED_UPPER_BOUND_NOT_EXACT","10","10.0","10","8","8.0","8","6","6.0","6","8","8.0","8","true","true","true","","true","100000000","1610","64","195.7426631450653","COMPLETE_UPPER_BOUND_SEARCH","","",""
"table9_row006","table9","455","455","35","35","180","240","10","7","10","7","13","8","10","7","false","false","MATCHED_UPPER_BOUND_NOT_EXACT","MATCHED_UPPER_BOUND_NOT_EXACT","10","10.0","10","8","8.0","8","6","6.0","6","8","8.0","8","true","true","true","","true","100000000","1611","64","205.25326800346375","COMPLETE_UPPER_BOUND_SEARCH","","",""
"table9_row007","table9","455","455","35","35","180","240","11","7","11","7","13","8","11","7","false","false","MATCHED_UPPER_BOUND_NOT_EXACT","MATCHED_UPPER_BOUND_NOT_EXACT","10","10.0","10","8","8.0","8","6","6.0","6","8","8.0","8","true","true","true","","true","100000000","1612","64","204.06374406814575","COMPLETE_UPPER_BOUND_SEARCH","","",""
"table9_row008","table9","490","490","35","35","195","260","11","7","11","7","14","18","11","7","false","false","MATCHED_UPPER_BOUND_NOT_EXACT","MATCHED_UPPER_BOUND_NOT_EXACT","10","10.0","10","8","8.0","8","6","6.0","6","8","8.0","8","true","true","true","","true","100000000","1613","64","211.17040586471558","COMPLETE_UPPER_BOUND_SEARCH","","",""
"table9_row009","table9","490","490","35","35","195","260","12","7","12","7","14","14","12","7","false","false","MATCHED_UPPER_BOUND_NOT_EXACT","MATCHED_UPPER_BOUND_NOT_EXACT","10","10.0","10","8","8.0","8","6","6.0","6","8","8.0","8","true","true","true","","true","100000000","1614","64","210.73649787902832","COMPLETE_UPPER_BOUND_SEARCH","","",""
"table9_row010","table9","525","525","35","35","210","280","12","8","12","8","15","12","12","8","false","false","MATCHED_UPPER_BOUND_NOT_EXACT","MATCHED_UPPER_BOUND_NOT_EXACT","10","10.0","10","8","8.0","8","6","6.0","6","8","8.0","8","true","true","true","","true","100000000","1615","64","219.68966698646545","COMPLETE_UPPER_BOUND_SEARCH","","",""
"table9_row011","table9","525","525","35","35","210","280","15","9","15","9","15","12","15","9","true","false","MATCHED_UPPER_BOUND_NOT_EXACT","MATCHED_UPPER_BOUND_NOT_EXACT","10","10.0","10","8","8.0","8","6","6.0","6","8","8.0","8","true","true","true","","true","100000000","1616","64","215.86643600463867","COMPLETE_UPPER_BOUND_SEARCH","","",""
"table9_row012","table9","560","560","35","35","225","300","15","8","15","8","16","13","15","8","false","false","MATCHED_UPPER_BOUND_NOT_EXACT","MATCHED_UPPER_BOUND_NOT_EXACT","10","10.0","10","8","8.0","8","6","6.0","6","8","8.0","8","true","true","true","","true","100000000","1617","64","229.1389081478119","COMPLETE_UPPER_BOUND_SEARCH","","",""
"table9_row013","table9","595","595","35","35","240","320","15","10","15","10","17","16","15","10","false","false","MATCHED_UPPER_BOUND_NOT_EXACT","MATCHED_UPPER_BOUND_NOT_EXACT","10","10.0","10","8","8.0","8","6","6.0","6","8","8.0","8","true","true","true","","true","100000000","1618","64","242.51924014091492","COMPLETE_UPPER_BOUND_SEARCH","","",""
"table9_row014","table9","630","630","35","35","255","340","15","9","15","9","18","14","15","9","false","false","MATCHED_UPPER_BOUND_NOT_EXACT","MATCHED_UPPER_BOUND_NOT_EXACT","10","10.0","10","8","8.0","8","6","6.0","6","8","8.0","8","true","true","true","","true","100000000","1619","64","250.70917797088623","COMPLETE_UPPER_BOUND_SEARCH","","",""
"table9_row015","table9","665","665","35","35","270","360","15","10","15","10","19","17","15","10","false","false","MATCHED_UPPER_BOUND_NOT_EXACT","MATCHED_UPPER_BOUND_NOT_EXACT","10","10.0","10","8","8.0","8","6","6.0","6","8","8.0","8","true","true","true","","true","100000000","1620","64","261.44599080085754","COMPLETE_UPPER_BOUND_SEARCH","","",""
"table9_row016","table9","700","700","35","35","285","380","16","10","16","10","20","20","16","10","false","false","MATCHED_UPPER_BOUND_NOT_EXACT","MATCHED_UPPER_BOUND_NOT_EXACT","10","10.0","10","8","8.0","8","6","6.0","6","8","8.0","8","true","true","true","","true","100000000","1621","64","275.76441407203674","COMPLETE_UPPER_BOUND_SEARCH","","",""
"table9_row017","table9","735","735","35","35","300","400","15","10","15","10","19","25","15","10","false","false","MATCHED_UPPER_BOUND_NOT_EXACT","MATCHED_UPPER_BOUND_NOT_EXACT","10","10.0","10","8","8.0","8","6","6.0","6","8","8.0","8","true","true","true","","true","100000000","1622","64","309.714702129364","COMPLETE_UPPER_BOUND_SEARCH","","",""
"table9_row018","table9","770","770","35","35","315","420","17","10","17","10","22","14","17","10","false","false","MATCHED_UPPER_BOUND_NOT_EXACT","MATCHED_UPPER_BOUND_NOT_EXACT","10","10.0","10","8","8.0","8","6","6.0","6","8","8.0","8","true","true","true","","true","100000000","1623","64","323.00567507743835","COMPLETE_UPPER_BOUND_SEARCH","","",""
"table9_row019","table9","805","805","35","35","330","440","18","11","18","12","23","22","18","12","false","false","MATCHED_UPPER_BOUND_NOT_EXACT","SEARCH_DID_NOT_REPRODUCE_CLAIM","10","10.0","10","8","8.0","8","6","6.0","6","8","8.0","8","true","true","true","","true","100000000","1624","64","334.86376905441284","COMPLETE_UPPER_BOUND_SEARCH","","",""
"table9_row020","table9","840","840","35","35","345","460","19","12","19","12","24","15","19","12","false","false","MATCHED_UPPER_BOUND_NOT_EXACT","MATCHED_UPPER_BOUND_NOT_EXACT","10","10.0","10","8","8.0","8","6","6.0","6","8","8.0","8","true","true","true","","true","100000000","1625","64","401.52426409721375","COMPLETE_UPPER_BOUND_SEARCH","","",""
"table9_row021","table9","875","875","35","35","360","480","18","11","18","11","25","17","18","11","false","false","MATCHED_UPPER_BOUND_NOT_EXACT","MATCHED_UPPER_BOUND_NOT_EXACT","10","10.0","10","8","8.0","8","6","6.0","6","8","8.0","8","true","true","true","","true","100000000","1626","64","401.48305916786194","COMPLETE_UPPER_BOUND_SEARCH","","",""
"table9_row022","table9","910","910","35","35","375","500","19","11","19","12","26","18","19","12","false","false","MATCHED_UPPER_BOUND_NOT_EXACT","SEARCH_DID_NOT_REPRODUCE_CLAIM","10","10.0","10","8","8.0","8","6","6.0","6","8","8.0","8","true","true","true","","true","100000000","1627","64","413.1694781780243","COMPLETE_UPPER_BOUND_SEARCH","","",""
"table9_row023","table9","945","945","35","35","390","520","18","9","18","12","22","17","18","12","false","false","MATCHED_UPPER_BOUND_NOT_EXACT","SEARCH_DID_NOT_REPRODUCE_CLAIM","10","10.0","10","8","8.0","8","6","6.0","6","8","8.0","8","true","true","true","","true","100000000","1628","64","432.6966059207916","COMPLETE_UPPER_BOUND_SEARCH","","",""
"table9_row024","table9","980","980","35","35","405","540","20","12","21","12","28","21","21","12","false","false","SEARCH_DID_NOT_REPRODUCE_CLAIM","MATCHED_UPPER_BOUND_NOT_EXACT","10","10.0","10","8","8.0","8","6","6.0","6","8","8.0","8","true","true","true","","true","100000000","1629","64","545.9586589336395","COMPLETE_UPPER_BOUND_SEARCH","","",""
"table9_row025","table9","1015","1015","35","35","420","560","22","13","22","13","29","29","22","13","false","false","MATCHED_UPPER_BOUND_NOT_EXACT","MATCHED_UPPER_BOUND_NOT_EXACT","10","10.0","10","8","8.0","8","6","6.0","6","8","8.0","8","true","true","true","","true","100000000","1630","64","545.4646210670471","COMPLETE_UPPER_BOUND_SEARCH","","",""
"table9_row026","table9","1050","1050","35","35","435","580","21","13","21","13","28","15","21","13","false","false","MATCHED_UPPER_BOUND_NOT_EXACT","MATCHED_UPPER_BOUND_NOT_EXACT","10","10.0","10","8","8.0","8","6","6.0","6","8","8.0","8","true","true","true","","true","100000000","1631","64","529.6226439476013","COMPLETE_UPPER_BOUND_SEARCH","","",""
